domain_name,labels,tld,registration_state,registration_contact,expiration_date,renew_by,auto_renews,premium_domain,renewal_price,whois_privacy,dnssec,registry_name_server_records,zone_name_server_records,zone_active,reverse,has_secondary,zone_providers,certificates_count,email_forwards_count
steipete.me,,me,registered,PS-Alserbach,2026-03-12 08:29:41 UTC,2026-04-24 00:00:00 UTC,true,false,29.50,false,false,"ns1.dnsimple.com,ns2.dnsimple-edge.net,ns3.dnsimple.com,ns4.dnsimple-edge.org","ns1.dnsimple.com,ns2.dnsimple-edge.net,ns3.dnsimple.com,ns4.dnsimple-edge.org",true,false,,,0,0
steipete.com,,com,registered,PS-Alserbach,2026-03-12 08:27:46 UTC,2026-04-16 00:00:00 UTC,true,false,15.50,false,false,"ns1.dnsimple.com,ns2.dnsimple-edge.net,ns3.dnsimple.com,ns4.dnsimple-edge.org","ns1.dnsimple.com,ns2.dnsimple-edge.net,ns3.dnsimple.com,ns4.dnsimple-edge.org",true,false,,,4,0
petersteinberger.com,,com,registered,PS-Alserbach,2026-09-27 16:51:04 UTC,2026-11-09 16:51:04 UTC,true,false,15.50,true,false,"ns1.dnsimple.com,ns2.dnsimple-edge.net,ns3.dnsimple.com,ns4.dnsimple-edge.org","ns1.dnsimple.com,ns2.dnsimple-edge.net,ns3.dnsimple.com,ns4.dnsimple-edge.org",true,false,,,4,1
sweetistics.com,,com,registered,PS-Alserbach,2026-03-23 01:08:27 UTC,2026-04-27 00:00:00 UTC,true,false,15.50,false,false,"ns1.vercel-dns.com,ns2.vercel-dns.com","ns1.vercel-dns.com,ns2.vercel-dns.com",true,false,,,0,1
steipete.blog,,blog,hosted,PS-Alserbach,,,false,false,,false,false,,"ns1.dnsimple.com,ns2.dnsimple.com,ns3.dnsimple.com,ns4.dnsimple.com",true,false,,,0,0
petersteinberger.me,,me,registered,PS-Alserbach,2026-03-05 12:52:27 UTC,2026-04-17 00:00:00 UTC,true,false,29.50,false,false,"ns1.dnsimple.com,ns2.dnsimple-edge.net,ns3.dnsimple.com,ns4.dnsimple-edge.org","ns1.dnsimple.com,ns2.dnsimple-edge.net,ns3.dnsimple.com,ns4.dnsimple-edge.org",true,false,,,0,0
steipete.io,,io,registered,PS-Alserbach,2026-03-20 09:01:30 UTC,2026-04-24 00:00:00 UTC,true,false,67.90,false,false,"ns1.dnsimple.com,ns2.dnsimple-edge.net,ns3.dnsimple.com,ns4.dnsimple-edge.org","ns1.dnsimple.com,ns2.dnsimple-edge.net,ns3.dnsimple.com,ns4.dnsimple-edge.org",true,false,,,0,0
steipete.wtf,,wtf,registered,PS-Alserbach,2026-06-05 02:58:56 UTC,2026-07-18 00:00:00 UTC,true,false,46.10,false,false,"ns1.dnsimple.com,ns2.dnsimple-edge.net,ns3.dnsimple.com,ns4.dnsimple-edge.org","ns1.dnsimple.com,ns2.dnsimple-edge.net,ns3.dnsimple.com,ns4.dnsimple-edge.org",true,false,,,0,1
steipete.at,,at,registered,PS-Alserbach,2026-05-14 18:16:50 UTC,2026-05-11 00:00:00 UTC,true,false,20.20,false,false,"ns1.dnsimple.com,ns2.dnsimple-edge.net,ns3.dnsimple.com,ns4.dnsimple-edge.org","ns1.dnsimple.com,ns2.dnsimple-edge.net,ns3.dnsimple.com,ns4.dnsimple-edge.org",true,false,,,3,1
steipete.net,,net,registered,PS-Alserbach,2026-05-14 19:05:46 UTC,2026-06-26 00:00:00 UTC,true,false,17.00,false,false,"ns1.dnsimple.com,ns2.dnsimple-edge.net,ns3.dnsimple.com,ns4.dnsimple-edge.org","ns1.dnsimple.com,ns2.dnsimple-edge.net,ns3.dnsimple.com,ns4.dnsimple-edge.org",true,false,,,0,1
steipete.org,,org,registered,PS-Alserbach,2026-05-14 19:06:53 UTC,2026-06-26 00:00:00 UTC,true,false,14.30,false,false,"ns1.dnsimple.com,ns2.dnsimple-edge.net,ns3.dnsimple.com,ns4.dnsimple-edge.org","ns1.dnsimple.com,ns2.dnsimple-edge.net,ns3.dnsimple.com,ns4.dnsimple-edge.org",true,false,,,0,0
steipete.dev,,dev,registered,PS-Alserbach,2026-05-14 19:15:54 UTC,2026-06-26 00:00:00 UTC,true,false,19.90,false,false,"ns1.dnsimple.com,ns2.dnsimple-edge.net,ns3.dnsimple.com,ns4.dnsimple-edge.org","ns1.dnsimple.com,ns2.dnsimple-edge.net,ns3.dnsimple.com,ns4.dnsimple-edge.org",true,false,,,3,0
steipete.tv,,tv,registered,PS-Alserbach,2026-05-21 15:33:41 UTC,2026-07-03 00:00:00 UTC,true,false,38.20,false,false,"ns1.dnsimple.com,ns2.dnsimple-edge.net,ns3.dnsimple.com,ns4.dnsimple-edge.org","ns1.dnsimple.com,ns2.dnsimple-edge.net,ns3.dnsimple.com,ns4.dnsimple-edge.org",true,false,,,0,0
steipete.page,,page,registered,PS-Alserbach,2026-05-24 07:12:02 UTC,2026-07-06 00:00:00 UTC,true,false,17.20,false,false,"ns1.dnsimple.com,ns2.dnsimple-edge.net,ns3.dnsimple.com,ns4.dnsimple-edge.org","ns1.dnsimple.com,ns2.dnsimple-edge.net,ns3.dnsimple.com,ns4.dnsimple-edge.org",true,false,,,0,0
steipete.fyi,,fyi,registered,PS-Alserbach,2026-05-24 07:13:22 UTC,2026-07-06 00:00:00 UTC,true,true,,false,false,"ns1.dnsimple.com,ns2.dnsimple-edge.net,ns3.dnsimple.com,ns4.dnsimple-edge.org","ns1.dnsimple.com,ns2.dnsimple-edge.net,ns3.dnsimple.com,ns4.dnsimple-edge.org",true,false,,,0,0
steipete.lol,,lol,registered,PS-Alserbach,2026-05-24 23:59:59 UTC,2026-07-06 00:00:00 UTC,true,false,42.90,false,false,"ns1.dnsimple.com,ns2.dnsimple-edge.net,ns3.dnsimple.com,ns4.dnsimple-edge.org","ns1.dnsimple.com,ns2.dnsimple-edge.net,ns3.dnsimple.com,ns4.dnsimple-edge.org",true,false,,,0,0
interpose.io,,io,registered,PS-Alserbach,2026-05-31 13:26:58 UTC,2026-07-05 13:26:58 UTC,true,false,67.90,false,false,"ns1.dnsimple.com,ns2.dnsimple-edge.net,ns3.dnsimple.com,ns4.dnsimple-edge.org","ns1.dnsimple.com,ns2.dnsimple-edge.net,ns3.dnsimple.com,ns4.dnsimple-edge.org",true,false,,,0,0
interposekit.com,,com,registered,PS-Alserbach,2026-05-31 13:27:00 UTC,2026-07-13 13:27:00 UTC,true,false,15.50,false,false,"ns1.dnsimple.com,ns2.dnsimple-edge.net,ns3.dnsimple.com,ns4.dnsimple-edge.org","ns1.dnsimple.com,ns2.dnsimple-edge.net,ns3.dnsimple.com,ns4.dnsimple-edge.org",true,false,,,0,0
interpose.app,,app,registered,PS-Alserbach,2026-05-31 13:41:08 UTC,2026-07-13 13:41:08 UTC,true,false,22.50,false,false,"ns1.dnsimple.com,ns2.dnsimple-edge.net,ns3.dnsimple.com,ns4.dnsimple-edge.org","ns1.dnsimple.com,ns2.dnsimple-edge.net,ns3.dnsimple.com,ns4.dnsimple-edge.org",true,false,,,0,0
doesoslogstoreworkyet.com,,com,registered,PS-Alserbach,2026-09-12 09:12:20 UTC,2026-10-25 09:12:20 UTC,true,false,15.50,false,false,"ns1.dnsimple.com,ns2.dnsimple-edge.net,ns3.dnsimple.com,ns4.dnsimple-edge.org","ns1.dnsimple.com,ns2.dnsimple-edge.net,ns3.dnsimple.com,ns4.dnsimple-edge.org",true,false,,,0,0
steipete.pro,,pro,registered,PS-Alserbach,2026-11-17 13:04:41 UTC,2026-12-30 13:04:41 UTC,true,false,31.10,false,false,"ns1.dnsimple.com,ns2.dnsimple-edge.net,ns3.dnsimple.com,ns4.dnsimple-edge.org","ns1.dnsimple.com,ns2.dnsimple-edge.net,ns3.dnsimple.com,ns4.dnsimple-edge.org",true,false,,,0,0
sweetistics.app,,app,registered,PS-Alserbach,2026-04-16 10:41:29 UTC,2026-05-29 00:00:00 UTC,true,false,22.50,false,false,"ns1.dnsimple.com,ns2.dnsimple-edge.net,ns3.dnsimple.com,ns4.dnsimple-edge.org","ns1.dnsimple.com,ns2.dnsimple-edge.net,ns3.dnsimple.com,ns4.dnsimple-edge.org",true,false,,,0,1
birdbuddies.app,,app,registered,PS-Alserbach,2026-04-28 09:06:32 UTC,2026-06-10 00:00:00 UTC,true,false,22.50,false,false,"ns1.dnsimple.com,ns2.dnsimple-edge.net,ns3.dnsimple.com,ns4.dnsimple-edge.org","ns1.dnsimple.com,ns2.dnsimple-edge.net,ns3.dnsimple.com,ns4.dnsimple-edge.org",true,false,,,0,0
steipete.gay,,gay,registered,PS-Alserbach,2026-04-28 23:59:59 UTC,2026-06-10 00:00:00 UTC,true,true,,false,false,"ns1.dnsimple.com,ns2.dnsimple-edge.net,ns3.dnsimple.com,ns4.dnsimple-edge.org","ns1.dnsimple.com,ns2.dnsimple-edge.net,ns3.dnsimple.com,ns4.dnsimple-edge.org",true,false,,,0,0
pstech.at,,at,registered,PS-Alserbach,2026-05-07 09:37:08 UTC,2026-05-04 00:00:00 UTC,true,false,20.20,false,false,"ns1.dnsimple.com,ns2.dnsimple-edge.net,ns3.dnsimple.com,ns4.dnsimple-edge.org","ns1.dnsimple.com,ns2.dnsimple-edge.net,ns3.dnsimple.com,ns4.dnsimple-edge.org",true,false,,,0,0
pstec.at,,at,registered,PS-Alserbach,2026-05-07 09:38:30 UTC,2026-05-04 00:00:00 UTC,true,false,20.20,false,false,"ns1.dnsimple.com,ns2.dnsimple-edge.net,ns3.dnsimple.com,ns4.dnsimple-edge.org","ns1.dnsimple.com,ns2.dnsimple-edge.net,ns3.dnsimple.com,ns4.dnsimple-edge.org",true,false,,,0,1
stepete.com,,com,registered,PS-Alserbach,2026-05-13 11:37:20 UTC,2026-06-25 00:00:00 UTC,true,false,15.50,false,false,"ns1.dnsimple.com,ns2.dnsimple-edge.net,ns3.dnsimple.com,ns4.dnsimple-edge.org","ns1.dnsimple.com,ns2.dnsimple-edge.net,ns3.dnsimple.com,ns4.dnsimple-edge.org",true,false,,,0,1
steipet.com,,com,registered,PS-Alserbach,2026-05-13 11:38:19 UTC,2026-06-25 00:00:00 UTC,true,false,15.50,false,false,"ns1.dnsimple.com,ns2.dnsimple-edge.net,ns3.dnsimple.com,ns4.dnsimple-edge.org","ns1.dnsimple.com,ns2.dnsimple-edge.net,ns3.dnsimple.com,ns4.dnsimple-edge.org",true,false,,,0,0
steinpete.com,,com,registered,PS-Alserbach,2026-05-13 11:38:59 UTC,2026-06-25 00:00:00 UTC,true,false,15.50,false,false,"ns1.dnsimple.com,ns2.dnsimple-edge.net,ns3.dnsimple.com,ns4.dnsimple-edge.org","ns1.dnsimple.com,ns2.dnsimple-edge.net,ns3.dnsimple.com,ns4.dnsimple-edge.org",true,false,,,0,0
instamap.io,,io,registered,PS-Alserbach,2026-11-07 15:38:30 UTC,2026-12-12 15:38:30 UTC,true,false,67.90,false,false,"ns1.dnsimple.com,ns2.dnsimple-edge.net,ns3.dnsimple.com,ns4.dnsimple-edge.org","ns1.dnsimple.com,ns2.dnsimple-edge.net,ns3.dnsimple.com,ns4.dnsimple-edge.org",true,false,,,0,0
pstgroup.at,,at,registered,PS-Alserbach,2026-01-07 10:32:13 UTC,2026-01-04 00:00:00 UTC,true,false,20.20,false,false,"ns1.dnsimple.com,ns2.dnsimple-edge.net,ns3.dnsimple.com,ns4.dnsimple-edge.org","ns1.dnsimple.com,ns2.dnsimple-edge.net,ns3.dnsimple.com,ns4.dnsimple-edge.org",true,false,,,24,2
steinbergerfoundation.org,,org,registered,PS-Alserbach,2026-03-08 11:36:40 UTC,2026-04-12 00:00:00 UTC,true,false,14.30,false,false,"ns1.dnsimple.com,ns2.dnsimple-edge.net,ns3.dnsimple.com,ns4.dnsimple-edge.org","ns1.dnsimple.com,ns2.dnsimple-edge.net,ns3.dnsimple.com,ns4.dnsimple-edge.org",true,false,,,0,1
steinbergerstiftung.com,,com,registered,PS-Alserbach,2026-04-19 07:31:25 UTC,2026-06-01 00:00:00 UTC,true,false,15.50,false,false,"ns1.dnsimple.com,ns2.dnsimple-edge.net,ns3.dnsimple.com,ns4.dnsimple-edge.org","ns1.dnsimple.com,ns2.dnsimple-edge.net,ns3.dnsimple.com,ns4.dnsimple-edge.org",true,false,,,0,0
steinbergerstiftung.org,,org,registered,PS-Alserbach,2026-04-19 07:35:10 UTC,2026-06-01 00:00:00 UTC,true,false,14.30,false,false,"ns1.dnsimple.com,ns2.dnsimple-edge.net,ns3.dnsimple.com,ns4.dnsimple-edge.org","ns1.dnsimple.com,ns2.dnsimple-edge.net,ns3.dnsimple.com,ns4.dnsimple-edge.org",true,false,,,0,1
summermeeting.at,,at,registered,PS-Alserbach,2026-04-12 19:28:15 UTC,2026-04-09 00:00:00 UTC,true,false,20.20,false,false,"ns1.dnsimple.com,ns2.dnsimple-edge.net,ns3.dnsimple.com,ns4.dnsimple-edge.org","ns1.dnsimple.com,ns2.dnsimple-edge.net,ns3.dnsimple.com,ns4.dnsimple-edge.org",true,false,,,0,0
petersteinberger.at,,at,registered,PS-Alserbach,2026-06-15 22:04:19 UTC,2026-06-12 00:00:00 UTC,true,false,20.20,false,false,"ns1.dnsimple.com,ns2.dnsimple-edge.net,ns3.dnsimple.com,ns4.dnsimple-edge.org","ns1.dnsimple.com,ns2.dnsimple-edge.net,ns3.dnsimple.com,ns4.dnsimple-edge.org",true,false,,,3,1
pstein.at,,at,registered,PS-Alserbach,2026-06-15 22:04:27 UTC,2026-06-12 00:00:00 UTC,true,false,20.20,false,false,"ns1.easyname.eu,ns2.easyname.eu","ns1.dnsimple.com,ns2.dnsimple.com,ns3.dnsimple.com,ns4.dnsimple.com",true,false,,,0,0
sattelite.io,,io,registered,PS-Alserbach,2026-07-06 20:41:42 UTC,2026-08-10 20:41:42 UTC,true,false,67.90,false,false,"ns1.easyname.eu,ns2.easyname.eu","ns1.dnsimple.com,ns2.dnsimple.com,ns3.dnsimple.com,ns4.dnsimple.com",true,false,,,0,0
petersteinberger.info,,info,registered,PS-Alserbach,2026-06-15 22:04:54 UTC,2026-07-28 00:00:00 UTC,true,false,26.10,false,false,"ns1.dnsimple.com,ns2.dnsimple-edge.net,ns3.dnsimple.com,ns4.dnsimple-edge.org","ns1.dnsimple.com,ns2.dnsimple-edge.net,ns3.dnsimple.com,ns4.dnsimple-edge.org",true,false,,,0,0
pstouch.com,,com,registered,PS-Alserbach,2025-12-18 09:13:57 UTC,2026-01-22 00:00:00 UTC,true,false,15.50,false,false,"ns1.dnsimple.com,ns2.dnsimple-edge.net,ns3.dnsimple.com,ns4.dnsimple-edge.org","ns1.dnsimple.com,ns2.dnsimple-edge.net,ns3.dnsimple.com,ns4.dnsimple-edge.org",true,false,,,0,0
seaofdicks.blog,,blog,registered,PS-Alserbach,2026-03-11 23:59:59 UTC,2026-04-15 00:00:00 UTC,true,true,,true,false,"ns1.dnsimple.com,ns2.dnsimple-edge.net,ns3.dnsimple.com,ns4.dnsimple-edge.org","ns1.dnsimple.com,ns2.dnsimple-edge.net,ns3.dnsimple.com,ns4.dnsimple-edge.org",true,false,,,0,0
lovism.faith,,faith,registered,PS-Alserbach,2026-04-14 09:24:29 UTC,2026-05-27 00:00:00 UTC,true,false,33.90,false,false,"ns1.dnsimple.com,ns2.dnsimple-edge.net,ns3.dnsimple.com,ns4.dnsimple-edge.org","ns1.dnsimple.com,ns2.dnsimple-edge.net,ns3.dnsimple.com,ns4.dnsimple-edge.org",true,false,,,0,0
matewing.com,,com,registered,PS-Alserbach,2026-09-01 06:13:40 UTC,2026-10-14 06:13:40 UTC,true,false,15.50,true,false,"ns1.dnsimple.com,ns2.dnsimple-edge.net,ns3.dnsimple.com,ns4.dnsimple-edge.org","ns1.dnsimple.com,ns2.dnsimple-edge.net,ns3.dnsimple.com,ns4.dnsimple-edge.org",true,false,,,0,0
wingmanally.com,,com,registered,PS-Alserbach,2026-09-01 06:16:56 UTC,2026-10-14 06:16:56 UTC,true,false,15.50,true,false,"ns1.dnsimple.com,ns2.dnsimple-edge.net,ns3.dnsimple.com,ns4.dnsimple-edge.org","ns1.dnsimple.com,ns2.dnsimple-edge.net,ns3.dnsimple.com,ns4.dnsimple-edge.org",true,false,,,0,0
wingman.today,,today,registered,PS-Alserbach,2026-09-04 17:20:33 UTC,2026-10-17 17:20:33 UTC,true,false,36.60,false,false,"ns1.dnsimple.com,ns2.dnsimple-edge.net,ns3.dnsimple.com,ns4.dnsimple-edge.org","ns1.dnsimple.com,ns2.dnsimple-edge.net,ns3.dnsimple.com,ns4.dnsimple-edge.org",true,false,,,0,0
wingman.gay,,gay,registered,PS-Alserbach,2026-09-04 17:22:08 UTC,2026-10-17 17:22:08 UTC,true,true,,true,false,"ns1.dnsimple.com,ns2.dnsimple-edge.net,ns3.dnsimple.com,ns4.dnsimple-edge.org","ns1.dnsimple.com,ns2.dnsimple-edge.net,ns3.dnsimple.com,ns4.dnsimple-edge.org",true,false,,,0,0
wingman24.com,,com,registered,PS-Alserbach,2026-09-04 17:24:47 UTC,2026-10-17 17:24:47 UTC,true,false,15.50,true,false,"ns1.dnsimple.com,ns2.dnsimple-edge.net,ns3.dnsimple.com,ns4.dnsimple-edge.org","ns1.dnsimple.com,ns2.dnsimple-edge.net,ns3.dnsimple.com,ns4.dnsimple-edge.org",true,false,,,0,0
wingman.city,,city,registered,PS-Alserbach,2026-09-04 17:26:57 UTC,2026-10-17 17:26:57 UTC,true,false,36.50,true,false,"ns1.dnsimple.com,ns2.dnsimple-edge.net,ns3.dnsimple.com,ns4.dnsimple-edge.org","ns1.dnsimple.com,ns2.dnsimple-edge.net,ns3.dnsimple.com,ns4.dnsimple-edge.org",true,false,,,0,0
wingmancity.com,,com,registered,PS-Alserbach,2026-09-04 17:27:38 UTC,2026-10-17 17:27:38 UTC,true,false,15.50,true,false,"ns1.dnsimple.com,ns2.dnsimple-edge.net,ns3.dnsimple.com,ns4.dnsimple-edge.org","ns1.dnsimple.com,ns2.dnsimple-edge.net,ns3.dnsimple.com,ns4.dnsimple-edge.org",true,false,,,0,0
friendship-ai.com,,com,registered,PS-Alserbach,2026-09-04 17:30:08 UTC,2026-10-17 17:30:08 UTC,true,false,15.50,true,false,"ns1.dnsimple.com,ns2.dnsimple-edge.net,ns3.dnsimple.com,ns4.dnsimple-edge.org","ns1.dnsimple.com,ns2.dnsimple-edge.net,ns3.dnsimple.com,ns4.dnsimple-edge.org",true,false,,,0,0
friendshipsai.com,,com,registered,PS-Alserbach,2026-09-04 17:32:12 UTC,2026-10-17 17:32:12 UTC,true,false,15.50,true,false,"ns1.dnsimple.com,ns2.dnsimple-edge.net,ns3.dnsimple.com,ns4.dnsimple-edge.org","ns1.dnsimple.com,ns2.dnsimple-edge.net,ns3.dnsimple.com,ns4.dnsimple-edge.org",true,false,,,0,0
friendships-ai.com,,com,registered,PS-Alserbach,2026-09-04 17:33:12 UTC,2026-10-17 17:33:12 UTC,true,false,15.50,true,false,"ns1.dnsimple.com,ns2.dnsimple-edge.net,ns3.dnsimple.com,ns4.dnsimple-edge.org","ns1.dnsimple.com,ns2.dnsimple-edge.net,ns3.dnsimple.com,ns4.dnsimple-edge.org",true,false,,,0,0
wingmans.ai,,ai,registered,PS-Alserbach,2026-09-04 18:28:49 UTC,2026-10-17 00:00:00 UTC,true,false,99.20,false,false,"ns1.dnsimple.com,ns2.dnsimple-edge.net,ns3.dnsimple.com,ns4.dnsimple-edge.org","ns1.dnsimple.com,ns2.dnsimple-edge.net,ns3.dnsimple.com,ns4.dnsimple-edge.org",true,false,,,0,0
friendship.ai,,ai,registered,PS-Alserbach,2026-07-05 01:31:49 UTC,2026-08-17 00:00:00 UTC,true,false,99.20,false,false,"ns1.dnsimple.com,ns2.dnsimple-edge.net,ns3.dnsimple.com,ns4.dnsimple-edge.org","ns1.dnsimple.com,ns2.dnsimple-edge.net,ns3.dnsimple.com,ns4.dnsimple-edge.org",true,false,,,4,1
friendshipai.com,,com,registered,PS-Alserbach,2027-01-04 05:21:24 UTC,2027-02-08 00:00:00 UTC,true,false,15.50,true,false,"ns1.dnsimple.com,ns2.dnsimple-edge.net,ns3.dnsimple.com,ns4.dnsimple-edge.org","ns1.dnsimple.com,ns2.dnsimple-edge.net,ns3.dnsimple.com,ns4.dnsimple-edge.org",true,false,,,1,0
steipetedisk.com,,com,registered,PS-Alserbach,2025-12-23 19:18:48 UTC,2026-01-27 00:00:00 UTC,true,false,15.50,true,false,"ns1.dnsimple.com,ns2.dnsimple-edge.net,ns3.dnsimple.com,ns4.dnsimple-edge.org","ns1.dnsimple.com,ns2.dnsimple-edge.net,ns3.dnsimple.com,ns4.dnsimple-edge.org",true,false,,,0,0
friedshipai.com,,com,registered,PS-Alserbach,2026-04-11 12:13:02 UTC,2026-05-16 00:00:00 UTC,true,false,15.50,false,false,"ns1.dnsimple.com,ns2.dnsimple-edge.net,ns3.dnsimple.com,ns4.dnsimple-edge.org","ns1.dnsimple.com,ns2.dnsimple-edge.net,ns3.dnsimple.com,ns4.dnsimple-edge.org",true,false,,,0,0
friendshipai.app,,app,registered,PS-Alserbach,2026-04-17 14:21:32 UTC,2026-05-22 00:00:00 UTC,true,false,22.50,false,false,"ns1.dnsimple.com,ns2.dnsimple-edge.net,ns3.dnsimple.com,ns4.dnsimple-edge.org","ns1.dnsimple.com,ns2.dnsimple-edge.net,ns3.dnsimple.com,ns4.dnsimple-edge.org",true,false,,,4,1
helferlein.foundation,,foundation,registered,PS-Alserbach,2026-04-23 12:48:10 UTC,2026-05-28 00:00:00 UTC,true,false,36.40,true,false,"ns1.dnsimple.com,ns2.dnsimple-edge.net,ns3.dnsimple.com,ns4.dnsimple-edge.org","ns1.dnsimple.com,ns2.dnsimple-edge.net,ns3.dnsimple.com,ns4.dnsimple-edge.org",true,false,,,1,1
helferleinstiftung.at,,at,registered,PS-Alserbach,2026-04-23 12:49:47 UTC,2026-04-20 00:00:00 UTC,true,false,20.20,false,false,"ns1.dnsimple.com,ns2.dnsimple-edge.net,ns3.dnsimple.com,ns4.dnsimple-edge.org","ns1.dnsimple.com,ns2.dnsimple-edge.net,ns3.dnsimple.com,ns4.dnsimple-edge.org",true,false,,,1,0
helferleinprivatstiftung.at,,at,registered,PS-Alserbach,2026-04-23 12:50:33 UTC,2026-04-20 00:00:00 UTC,true,false,20.20,false,false,"ns1.dnsimple.com,ns2.dnsimple-edge.net,ns3.dnsimple.com,ns4.dnsimple-edge.org","ns1.dnsimple.com,ns2.dnsimple-edge.net,ns3.dnsimple.com,ns4.dnsimple-edge.org",true,false,,,0,0
helfer-lein.com,,com,registered,PS-Alserbach,2026-04-23 12:52:12 UTC,2026-05-28 00:00:00 UTC,true,false,15.50,false,false,"ns1.dnsimple.com,ns2.dnsimple-edge.net,ns3.dnsimple.com,ns4.dnsimple-edge.org","ns1.dnsimple.com,ns2.dnsimple-edge.net,ns3.dnsimple.com,ns4.dnsimple-edge.org",true,false,,,0,0
helferleinstiftung.com,,com,registered,PS-Alserbach,2026-04-23 12:53:07 UTC,2026-05-28 00:00:00 UTC,true,false,15.50,false,false,"ns1.dnsimple.com,ns2.dnsimple-edge.net,ns3.dnsimple.com,ns4.dnsimple-edge.org","ns1.dnsimple.com,ns2.dnsimple-edge.net,ns3.dnsimple.com,ns4.dnsimple-edge.org",true,false,,,0,0
helferleinprivatstiftung.com,,com,registered,PS-Alserbach,2026-04-23 12:54:00 UTC,2026-05-28 00:00:00 UTC,true,false,15.50,false,false,"ns1.dnsimple.com,ns2.dnsimple-edge.net,ns3.dnsimple.com,ns4.dnsimple-edge.org","ns1.dnsimple.com,ns2.dnsimple-edge.net,ns3.dnsimple.com,ns4.dnsimple-edge.org",true,false,,,0,0
helferleinfoundation.com,,com,registered,PS-Alserbach,2026-04-23 12:54:33 UTC,2026-05-28 00:00:00 UTC,true,false,15.50,false,false,"ns1.dnsimple.com,ns2.dnsimple-edge.net,ns3.dnsimple.com,ns4.dnsimple-edge.org","ns1.dnsimple.com,ns2.dnsimple-edge.net,ns3.dnsimple.com,ns4.dnsimple-edge.org",true,false,,,0,0
helferleinfoundation.at,,at,registered,PS-Alserbach,2026-04-23 13:08:48 UTC,2026-04-20 00:00:00 UTC,true,false,20.20,false,false,"ns1.dnsimple.com,ns2.dnsimple-edge.net,ns3.dnsimple.com,ns4.dnsimple-edge.org","ns1.dnsimple.com,ns2.dnsimple-edge.net,ns3.dnsimple.com,ns4.dnsimple-edge.org",true,false,,,0,0
friendship-app.com,,com,registered,PS-Alserbach,2026-04-30 13:55:46 UTC,2026-06-04 00:00:00 UTC,true,false,15.50,false,false,"ns1.dnsimple.com,ns2.dnsimple-edge.net,ns3.dnsimple.com,ns4.dnsimple-edge.org","ns1.dnsimple.com,ns2.dnsimple-edge.net,ns3.dnsimple.com,ns4.dnsimple-edge.org",true,false,,,0,0
friendship.coach,,coach,registered,PS-Alserbach,2026-04-30 13:57:04 UTC,2026-06-04 00:00:00 UTC,true,false,94.60,false,false,"ns1.dnsimple.com,ns2.dnsimple-edge.net,ns3.dnsimple.com,ns4.dnsimple-edge.org","ns1.dnsimple.com,ns2.dnsimple-edge.net,ns3.dnsimple.com,ns4.dnsimple-edge.org",true,false,,,0,0
friends.today,,today,registered,PS-Alserbach,2026-04-30 13:58:30 UTC,2026-06-04 00:00:00 UTC,true,true,,false,false,"ns1.dnsimple.com,ns2.dnsimple-edge.net,ns3.dnsimple.com,ns4.dnsimple-edge.org","ns1.dnsimple.com,ns2.dnsimple-edge.net,ns3.dnsimple.com,ns4.dnsimple-edge.org",true,false,,,0,0
friendships.io,,io,registered,PS-Alserbach,2026-05-04 18:37:40 UTC,2026-06-08 00:00:00 UTC,true,false,67.90,true,false,"ns1.dnsimple.com,ns2.dnsimple-edge.net,ns3.dnsimple.com,ns4.dnsimple-edge.org","ns1.dnsimple.com,ns2.dnsimple-edge.net,ns3.dnsimple.com,ns4.dnsimple-edge.org",true,false,,,0,0
keepfriendships.ai,,ai,registered,PS-Alserbach,2027-05-04 18:39:55 UTC,2027-06-16 00:00:00 UTC,true,false,99.20,false,false,"ns1.dnsimple.com,ns2.dnsimple-edge.net,ns3.dnsimple.com,ns4.dnsimple-edge.org","ns1.dnsimple.com,ns2.dnsimple-edge.net,ns3.dnsimple.com,ns4.dnsimple-edge.org",true,false,,,0,0
thefriendship.ai,,ai,registered,PS-Alserbach,2027-05-04 18:42:22 UTC,2027-06-16 00:00:00 UTC,true,false,99.20,false,false,"ns1.dnsimple.com,ns2.dnsimple-edge.net,ns3.dnsimple.com,ns4.dnsimple-edge.org","ns1.dnsimple.com,ns2.dnsimple-edge.net,ns3.dnsimple.com,ns4.dnsimple-edge.org",true,false,,,0,0
friendscircle.ai,,ai,registered,PS-Alserbach,2027-05-04 18:43:48 UTC,2027-06-16 00:00:00 UTC,true,false,99.20,false,false,"ns1.dnsimple.com,ns2.dnsimple-edge.net,ns3.dnsimple.com,ns4.dnsimple-edge.org","ns1.dnsimple.com,ns2.dnsimple-edge.net,ns3.dnsimple.com,ns4.dnsimple-edge.org",true,false,,,0,0
friendate.ai,,ai,registered,PS-Alserbach,2027-05-04 19:02:36 UTC,2027-06-16 00:00:00 UTC,true,false,99.20,false,false,"ns1.dnsimple.com,ns2.dnsimple-edge.net,ns3.dnsimple.com,ns4.dnsimple-edge.org","ns1.dnsimple.com,ns2.dnsimple-edge.net,ns3.dnsimple.com,ns4.dnsimple-edge.org",true,false,,,0,0
friendateai.com,,com,registered,PS-Alserbach,2026-05-04 19:02:56 UTC,2026-06-16 00:00:00 UTC,true,false,15.50,true,false,"ns1.dnsimple.com,ns2.dnsimple-edge.net,ns3.dnsimple.com,ns4.dnsimple-edge.org","ns1.dnsimple.com,ns2.dnsimple-edge.net,ns3.dnsimple.com,ns4.dnsimple-edge.org",true,false,,,0,0
palamour.ai,,ai,registered,PS-Alserbach,2027-05-04 19:03:56 UTC,2027-06-16 00:00:00 UTC,true,false,99.20,false,false,"ns1.dnsimple.com,ns2.dnsimple-edge.net,ns3.dnsimple.com,ns4.dnsimple-edge.org","ns1.dnsimple.com,ns2.dnsimple-edge.net,ns3.dnsimple.com,ns4.dnsimple-edge.org",true,false,,,0,0
palamourai.com,,com,registered,PS-Alserbach,2026-05-04 19:03:58 UTC,2026-06-16 00:00:00 UTC,true,false,15.50,true,false,"ns1.dnsimple.com,ns2.dnsimple-edge.net,ns3.dnsimple.com,ns4.dnsimple-edge.org","ns1.dnsimple.com,ns2.dnsimple-edge.net,ns3.dnsimple.com,ns4.dnsimple-edge.org",true,false,,,0,0
friendshipai.io,,io,registered,PS-Alserbach,2026-05-04 19:08:25 UTC,2026-06-08 00:00:00 UTC,true,false,67.90,true,false,"ns1.dnsimple.com,ns2.dnsimple-edge.net,ns3.dnsimple.com,ns4.dnsimple-edge.org","ns1.dnsimple.com,ns2.dnsimple-edge.net,ns3.dnsimple.com,ns4.dnsimple-edge.org",true,false,,,0,0
friendshipai.chat,,chat,registered,PS-Alserbach,2026-05-04 19:10:13 UTC,2026-06-16 00:00:00 UTC,true,false,55.30,true,false,"ns1.dnsimple.com,ns2.dnsimple-edge.net,ns3.dnsimple.com,ns4.dnsimple-edge.org","ns1.dnsimple.com,ns2.dnsimple-edge.net,ns3.dnsimple.com,ns4.dnsimple-edge.org",true,false,,,0,0
friendship-ai.dev,,dev,registered,PS-Alserbach,2026-05-04 20:18:13 UTC,2026-06-16 00:00:00 UTC,true,false,19.90,true,false,"ns1.dnsimple.com,ns2.dnsimple-edge.net,ns3.dnsimple.com,ns4.dnsimple-edge.org","ns1.dnsimple.com,ns2.dnsimple-edge.net,ns3.dnsimple.com,ns4.dnsimple-edge.org",true,false,,,0,0
friendship-ai.net,,net,registered,PS-Alserbach,2026-05-04 20:18:20 UTC,2026-06-16 00:00:00 UTC,true,false,17.00,true,false,"ns1.dnsimple.com,ns2.dnsimple-edge.net,ns3.dnsimple.com,ns4.dnsimple-edge.org","ns1.dnsimple.com,ns2.dnsimple-edge.net,ns3.dnsimple.com,ns4.dnsimple-edge.org",true,false,,,0,0
friendship-ai.org,,org,registered,PS-Alserbach,2026-05-04 20:18:33 UTC,2026-06-16 00:00:00 UTC,true,false,14.30,true,false,"ns1.dnsimple.com,ns2.dnsimple-edge.net,ns3.dnsimple.com,ns4.dnsimple-edge.org","ns1.dnsimple.com,ns2.dnsimple-edge.net,ns3.dnsimple.com,ns4.dnsimple-edge.org",true,false,,,0,0
friendshipai.net,,net,registered,PS-Alserbach,2026-05-04 20:20:05 UTC,2026-06-16 00:00:00 UTC,true,false,17.00,true,false,"ns1.dnsimple.com,ns2.dnsimple-edge.net,ns3.dnsimple.com,ns4.dnsimple-edge.org","ns1.dnsimple.com,ns2.dnsimple-edge.net,ns3.dnsimple.com,ns4.dnsimple-edge.org",true,false,,,0,0
friendshipai.org,,org,registered,PS-Alserbach,2026-05-04 20:20:18 UTC,2026-06-16 00:00:00 UTC,true,false,14.30,true,false,"ns1.dnsimple.com,ns2.dnsimple-edge.net,ns3.dnsimple.com,ns4.dnsimple-edge.org","ns1.dnsimple.com,ns2.dnsimple-edge.net,ns3.dnsimple.com,ns4.dnsimple-edge.org",true,false,,,0,0
friendshipai.co,,co,registered,PS-Alserbach,2026-05-04 20:20:34 UTC,2026-05-08 00:00:00 UTC,true,false,42.50,true,false,"ns1.dnsimple.com,ns2.dnsimple-edge.net,ns3.dnsimple.com,ns4.dnsimple-edge.org","ns1.dnsimple.com,ns2.dnsimple-edge.net,ns3.dnsimple.com,ns4.dnsimple-edge.org",true,false,,,0,0
friendship-ai.app,,app,registered,PS-Alserbach,2026-05-04 20:21:51 UTC,2026-06-16 00:00:00 UTC,true,false,22.50,true,false,"ns1.dnsimple.com,ns2.dnsimple-edge.net,ns3.dnsimple.com,ns4.dnsimple-edge.org","ns1.dnsimple.com,ns2.dnsimple-edge.net,ns3.dnsimple.com,ns4.dnsimple-edge.org",true,false,,,0,0
friendshipai.dev,,dev,registered,PS-Alserbach,2026-05-04 20:51:56 UTC,2026-06-16 00:00:00 UTC,true,false,19.90,true,false,"ns1.dnsimple.com,ns2.dnsimple-edge.net,ns3.dnsimple.com,ns4.dnsimple-edge.org","ns1.dnsimple.com,ns2.dnsimple-edge.net,ns3.dnsimple.com,ns4.dnsimple-edge.org",true,false,,,0,0
steipete.london,,london,registered,PS-Alserbach,2026-05-05 23:59:59 UTC,2026-06-17 00:00:00 UTC,true,false,44.90,false,false,"ns1.dnsimple.com,ns2.dnsimple-edge.net,ns3.dnsimple.com,ns4.dnsimple-edge.org","ns1.dnsimple.com,ns2.dnsimple-edge.net,ns3.dnsimple.com,ns4.dnsimple-edge.org",true,false,,,0,0
steipete.sh,,sh,registered,PS-Alserbach,2026-05-05 19:12:17 UTC,2026-06-09 00:00:00 UTC,true,false,70.90,true,false,"ns1.dnsimple.com,ns2.dnsimple-edge.net,ns3.dnsimple.com,ns4.dnsimple-edge.org","ns1.dnsimple.com,ns2.dnsimple-edge.net,ns3.dnsimple.com,ns4.dnsimple-edge.org",true,false,,,0,0
friendship.dev,,dev,registered,PS-Alserbach,2026-05-10 23:14:41 UTC,2026-06-22 00:00:00 UTC,true,true,,true,false,"ns1.vercel-dns.com,ns2.vercel-dns.com","ns1.vercel-dns.com,ns2.vercel-dns.com",true,false,,,0,0
friendshipai.studio,,studio,registered,PS-Alserbach,2026-05-11 23:12:36 UTC,2026-06-23 00:00:00 UTC,true,false,49.20,true,false,"ns1.dnsimple.com,ns2.dnsimple-edge.net,ns3.dnsimple.com,ns4.dnsimple-edge.org","ns1.dnsimple.com,ns2.dnsimple-edge.net,ns3.dnsimple.com,ns4.dnsimple-edge.org",true,false,,,0,0
hawara.ai,,ai,registered,PS-Alserbach,2027-05-13 18:24:10 UTC,2027-06-25 00:00:00 UTC,true,false,99.20,false,false,"ns1.dnsimple.com,ns2.dnsimple-edge.net,ns3.dnsimple.com,ns4.dnsimple-edge.org","ns1.dnsimple.com,ns2.dnsimple-edge.net,ns3.dnsimple.com,ns4.dnsimple-edge.org",true,false,,,0,0
hawarai.com,,com,registered,PS-Alserbach,2026-05-13 18:25:37 UTC,2026-06-25 00:00:00 UTC,true,false,15.50,true,false,"ns1.dnsimple.com,ns2.dnsimple-edge.net,ns3.dnsimple.com,ns4.dnsimple-edge.org","ns1.dnsimple.com,ns2.dnsimple-edge.net,ns3.dnsimple.com,ns4.dnsimple-edge.org",true,false,,,0,0
hawaraai.com,,com,registered,PS-Alserbach,2026-05-13 18:26:27 UTC,2026-06-25 00:00:00 UTC,true,false,15.50,true,false,"ns1.dnsimple.com,ns2.dnsimple-edge.net,ns3.dnsimple.com,ns4.dnsimple-edge.org","ns1.dnsimple.com,ns2.dnsimple-edge.net,ns3.dnsimple.com,ns4.dnsimple-edge.org",true,false,,,0,0
hawara.io,,io,registered,PS-Alserbach,2026-05-13 18:27:19 UTC,2026-06-17 00:00:00 UTC,true,false,67.90,true,false,"ns1.dnsimple.com,ns2.dnsimple-edge.net,ns3.dnsimple.com,ns4.dnsimple-edge.org","ns1.dnsimple.com,ns2.dnsimple-edge.net,ns3.dnsimple.com,ns4.dnsimple-edge.org",true,false,,,0,0
hawarar.com,,com,registered,PS-Alserbach,2026-05-13 18:28:20 UTC,2026-06-25 00:00:00 UTC,true,false,15.50,true,false,"ns1.dnsimple.com,ns2.dnsimple-edge.net,ns3.dnsimple.com,ns4.dnsimple-edge.org","ns1.dnsimple.com,ns2.dnsimple-edge.net,ns3.dnsimple.com,ns4.dnsimple-edge.org",true,false,,,0,0
hawarar.ai,,ai,registered,PS-Alserbach,2027-05-13 18:28:59 UTC,2027-06-25 00:00:00 UTC,true,false,99.20,false,false,"ns1.dnsimple.com,ns2.dnsimple-edge.net,ns3.dnsimple.com,ns4.dnsimple-edge.org","ns1.dnsimple.com,ns2.dnsimple-edge.net,ns3.dnsimple.com,ns4.dnsimple-edge.org",true,false,,,0,0
hawara.app,,app,registered,PS-Alserbach,2026-05-13 18:29:51 UTC,2026-06-25 00:00:00 UTC,true,false,22.50,true,false,"ns1.dnsimple.com,ns2.dnsimple-edge.net,ns3.dnsimple.com,ns4.dnsimple-edge.org","ns1.dnsimple.com,ns2.dnsimple-edge.net,ns3.dnsimple.com,ns4.dnsimple-edge.org",true,false,,,0,0
hawara.co,,co,registered,PS-Alserbach,2026-05-13 18:30:24 UTC,2026-05-17 00:00:00 UTC,true,false,42.50,true,false,"ns1.dnsimple.com,ns2.dnsimple-edge.net,ns3.dnsimple.com,ns4.dnsimple-edge.org","ns1.dnsimple.com,ns2.dnsimple-edge.net,ns3.dnsimple.com,ns4.dnsimple-edge.org",true,false,,,0,0
hawar.ai,,ai,registered,PS-Alserbach,2027-05-13 18:31:13 UTC,2027-06-25 00:00:00 UTC,true,false,99.20,false,false,"ns1.dnsimple.com,ns2.dnsimple-edge.net,ns3.dnsimple.com,ns4.dnsimple-edge.org","ns1.dnsimple.com,ns2.dnsimple-edge.net,ns3.dnsimple.com,ns4.dnsimple-edge.org",true,false,,,0,0
hawaraa.com,,com,registered,PS-Alserbach,2026-05-13 18:32:20 UTC,2026-06-25 00:00:00 UTC,true,false,15.50,true,false,"ns1.dnsimple.com,ns2.dnsimple-edge.net,ns3.dnsimple.com,ns4.dnsimple-edge.org","ns1.dnsimple.com,ns2.dnsimple-edge.net,ns3.dnsimple.com,ns4.dnsimple-edge.org",true,false,,,0,0
hawara.me,,me,registered,PS-Alserbach,2026-05-13 18:34:12 UTC,2026-06-25 00:00:00 UTC,true,false,29.50,true,false,"ns1.dnsimple.com,ns2.dnsimple-edge.net,ns3.dnsimple.com,ns4.dnsimple-edge.org","ns1.dnsimple.com,ns2.dnsimple-edge.net,ns3.dnsimple.com,ns4.dnsimple-edge.org",true,false,,,0,0
hawaraai.ai,,ai,registered,PS-Alserbach,2027-05-13 18:40:38 UTC,2027-06-25 00:00:00 UTC,true,false,99.20,false,false,"ns1.dnsimple.com,ns2.dnsimple-edge.net,ns3.dnsimple.com,ns4.dnsimple-edge.org","ns1.dnsimple.com,ns2.dnsimple-edge.net,ns3.dnsimple.com,ns4.dnsimple-edge.org",true,false,,,0,0
hawaraa.ai,,ai,registered,PS-Alserbach,2027-05-13 18:40:53 UTC,2027-06-25 00:00:00 UTC,true,false,99.20,false,false,"ns1.dnsimple.com,ns2.dnsimple-edge.net,ns3.dnsimple.com,ns4.dnsimple-edge.org","ns1.dnsimple.com,ns2.dnsimple-edge.net,ns3.dnsimple.com,ns4.dnsimple-edge.org",true,false,,,0,0
hawara.dev,,dev,registered,PS-Alserbach,2026-05-13 18:42:11 UTC,2026-06-25 00:00:00 UTC,true,false,19.90,true,false,"ns1.dnsimple.com,ns2.dnsimple-edge.net,ns3.dnsimple.com,ns4.dnsimple-edge.org","ns1.dnsimple.com,ns2.dnsimple-edge.net,ns3.dnsimple.com,ns4.dnsimple-edge.org",true,false,,,0,0
hawara.sh,,sh,registered,PS-Alserbach,2026-05-13 18:42:33 UTC,2026-06-17 00:00:00 UTC,true,false,70.90,true,false,"ns1.dnsimple.com,ns2.dnsimple-edge.net,ns3.dnsimple.com,ns4.dnsimple-edge.org","ns1.dnsimple.com,ns2.dnsimple-edge.net,ns3.dnsimple.com,ns4.dnsimple-edge.org",true,false,,,0,0
titanultra.io,,io,registered,PS-Alserbach,2026-05-14 12:12:57 UTC,2026-06-18 00:00:00 UTC,true,false,67.90,true,false,"ns1.dnsimple.com,ns2.dnsimple-edge.net,ns3.dnsimple.com,ns4.dnsimple-edge.org","ns1.dnsimple.com,ns2.dnsimple-edge.net,ns3.dnsimple.com,ns4.dnsimple-edge.org",true,false,,,0,0
amantus.ai,,ai,registered,PS-Alserbach,2027-05-14 13:20:37 UTC,2027-06-26 00:00:00 UTC,true,false,99.20,false,false,"ns1.dnsimple.com,ns2.dnsimple-edge.net,ns3.dnsimple.com,ns4.dnsimple-edge.org","ns1.dnsimple.com,ns2.dnsimple-edge.net,ns3.dnsimple.com,ns4.dnsimple-edge.org",true,false,,,0,1
amantusmachina.com,,com,registered,PS-Alserbach,2026-05-14 13:21:18 UTC,2026-06-26 00:00:00 UTC,true,false,15.50,true,false,"ns1.dnsimple.com,ns2.dnsimple-edge.net,ns3.dnsimple.com,ns4.dnsimple-edge.org","ns1.dnsimple.com,ns2.dnsimple-edge.net,ns3.dnsimple.com,ns4.dnsimple-edge.org",true,false,,,0,0
amantus.at,,at,registered,PS-Alserbach,2026-05-14 13:22:32 UTC,2026-05-11 00:00:00 UTC,true,false,20.20,false,false,"ns1.dnsimple.com,ns2.dnsimple-edge.net,ns3.dnsimple.com,ns4.dnsimple-edge.org","ns1.dnsimple.com,ns2.dnsimple-edge.net,ns3.dnsimple.com,ns4.dnsimple-edge.org",true,false,,,0,0
amantus.io,,io,registered,PS-Alserbach,2026-05-14 13:23:11 UTC,2026-06-18 00:00:00 UTC,true,false,67.90,true,false,"ns1.dnsimple.com,ns2.dnsimple-edge.net,ns3.dnsimple.com,ns4.dnsimple-edge.org","ns1.dnsimple.com,ns2.dnsimple-edge.net,ns3.dnsimple.com,ns4.dnsimple-edge.org",true,false,,,0,0
amantus.chat,,chat,registered,PS-Alserbach,2026-05-14 13:24:37 UTC,2026-06-26 00:00:00 UTC,true,false,55.30,true,false,"ns1.dnsimple.com,ns2.dnsimple-edge.net,ns3.dnsimple.com,ns4.dnsimple-edge.org","ns1.dnsimple.com,ns2.dnsimple-edge.net,ns3.dnsimple.com,ns4.dnsimple-edge.org",true,false,,,0,0
amantus.me,,me,registered,PS-Alserbach,2026-05-14 13:26:20 UTC,2026-06-26 00:00:00 UTC,true,false,29.50,true,false,"ns1.dnsimple.com,ns2.dnsimple-edge.net,ns3.dnsimple.com,ns4.dnsimple-edge.org","ns1.dnsimple.com,ns2.dnsimple-edge.net,ns3.dnsimple.com,ns4.dnsimple-edge.org",true,false,,,0,0
amantus-machina.com,,com,registered,PS-Alserbach,2026-05-14 13:30:12 UTC,2026-06-26 00:00:00 UTC,true,false,15.50,true,false,"ns1.dnsimple.com,ns2.dnsimple-edge.net,ns3.dnsimple.com,ns4.dnsimple-edge.org","ns1.dnsimple.com,ns2.dnsimple-edge.net,ns3.dnsimple.com,ns4.dnsimple-edge.org",true,false,,,0,0
amantus.dev,,dev,registered,PS-Alserbach,2026-05-14 13:43:15 UTC,2026-06-26 00:00:00 UTC,true,false,19.90,true,false,"ns1.vercel-dns.com,ns2.vercel-dns.com","ns1.vercel-dns.com,ns2.vercel-dns.com",true,false,,,0,1
amantus.net,,net,registered,PS-Alserbach,2026-05-14 13:44:09 UTC,2026-06-26 00:00:00 UTC,true,false,17.00,true,false,"ns1.dnsimple.com,ns2.dnsimple-edge.net,ns3.dnsimple.com,ns4.dnsimple-edge.org","ns1.dnsimple.com,ns2.dnsimple-edge.net,ns3.dnsimple.com,ns4.dnsimple-edge.org",true,false,,,0,0
amantus.sh,,sh,registered,PS-Alserbach,2026-05-14 13:45:07 UTC,2026-06-18 00:00:00 UTC,true,false,70.90,true,false,"ns1.dnsimple.com,ns2.dnsimple-edge.net,ns3.dnsimple.com,ns4.dnsimple-edge.org","ns1.dnsimple.com,ns2.dnsimple-edge.net,ns3.dnsimple.com,ns4.dnsimple-edge.org",true,false,,,0,0
amantusmachina.ai,,ai,registered,PS-Alserbach,2027-05-14 13:47:22 UTC,2027-06-26 00:00:00 UTC,true,false,99.20,false,false,"ns1.dnsimple.com,ns2.dnsimple-edge.net,ns3.dnsimple.com,ns4.dnsimple-edge.org","ns1.dnsimple.com,ns2.dnsimple-edge.net,ns3.dnsimple.com,ns4.dnsimple-edge.org",true,false,,,0,0
amantus-machina.ai,,ai,registered,PS-Alserbach,2027-05-14 13:48:11 UTC,2027-06-26 00:00:00 UTC,true,false,99.20,false,false,"ns1.dnsimple.com,ns2.dnsimple-edge.net,ns3.dnsimple.com,ns4.dnsimple-edge.org","ns1.dnsimple.com,ns2.dnsimple-edge.net,ns3.dnsimple.com,ns4.dnsimple-edge.org",true,false,,,0,0
amantusai.com,,com,registered,PS-Alserbach,2026-05-14 13:49:05 UTC,2026-06-26 00:00:00 UTC,true,false,15.50,true,false,"ns1.dnsimple.com,ns2.dnsimple-edge.net,ns3.dnsimple.com,ns4.dnsimple-edge.org","ns1.dnsimple.com,ns2.dnsimple-edge.net,ns3.dnsimple.com,ns4.dnsimple-edge.org",true,false,,,0,0
amant.ai,,ai,registered,PS-Alserbach,2027-05-14 13:49:53 UTC,2027-06-26 00:00:00 UTC,true,false,99.20,false,false,"ns1.dnsimple.com,ns2.dnsimple-edge.net,ns3.dnsimple.com,ns4.dnsimple-edge.org","ns1.dnsimple.com,ns2.dnsimple-edge.net,ns3.dnsimple.com,ns4.dnsimple-edge.org",true,false,,,0,0
amantus.co,,co,registered,PS-Alserbach,2026-05-14 13:50:55 UTC,2026-05-18 00:00:00 UTC,true,false,42.50,true,false,"ns1.dnsimple.com,ns2.dnsimple-edge.net,ns3.dnsimple.com,ns4.dnsimple-edge.org","ns1.dnsimple.com,ns2.dnsimple-edge.net,ns3.dnsimple.com,ns4.dnsimple-edge.org",true,false,,,0,0
amantus.xyz,,xyz,registered,PS-Alserbach,2026-05-14 23:59:59 UTC,2026-06-26 00:00:00 UTC,true,false,18.30,true,false,"ns1.dnsimple.com,ns2.dnsimple-edge.net,ns3.dnsimple.com,ns4.dnsimple-edge.org","ns1.dnsimple.com,ns2.dnsimple-edge.net,ns3.dnsimple.com,ns4.dnsimple-edge.org",true,false,,,0,0
amantus.tech,,tech,registered,PS-Alserbach,2026-05-14 23:59:59 UTC,2026-06-26 00:00:00 UTC,true,false,72.20,true,false,"ns1.dnsimple.com,ns2.dnsimple-edge.net,ns3.dnsimple.com,ns4.dnsimple-edge.org","ns1.dnsimple.com,ns2.dnsimple-edge.net,ns3.dnsimple.com,ns4.dnsimple-edge.org",true,false,,,0,0
amantusmachina.tech,,tech,registered,PS-Alserbach,2026-05-14 23:59:59 UTC,2026-06-26 00:00:00 UTC,true,false,72.20,true,false,"ns1.dnsimple.com,ns2.dnsimple-edge.net,ns3.dnsimple.com,ns4.dnsimple-edge.org","ns1.dnsimple.com,ns2.dnsimple-edge.net,ns3.dnsimple.com,ns4.dnsimple-edge.org",true,false,,,0,0
amantus.app,,app,registered,PS-Alserbach,2026-05-14 13:57:52 UTC,2026-06-26 00:00:00 UTC,true,false,22.50,true,false,"ns1.dnsimple.com,ns2.dnsimple-edge.net,ns3.dnsimple.com,ns4.dnsimple-edge.org","ns1.dnsimple.com,ns2.dnsimple-edge.net,ns3.dnsimple.com,ns4.dnsimple-edge.org",true,false,,,0,0
belovedmachine.com,,com,registered,PS-Alserbach,2026-05-14 13:58:52 UTC,2026-06-26 00:00:00 UTC,true,false,15.50,true,false,"ns1.dnsimple.com,ns2.dnsimple-edge.net,ns3.dnsimple.com,ns4.dnsimple-edge.org","ns1.dnsimple.com,ns2.dnsimple-edge.net,ns3.dnsimple.com,ns4.dnsimple-edge.org",true,false,,,0,0
belovedmachine.ai,,ai,registered,PS-Alserbach,2027-05-14 13:59:33 UTC,2027-06-26 00:00:00 UTC,true,false,99.20,false,false,"ns1.dnsimple.com,ns2.dnsimple-edge.net,ns3.dnsimple.com,ns4.dnsimple-edge.org","ns1.dnsimple.com,ns2.dnsimple-edge.net,ns3.dnsimple.com,ns4.dnsimple-edge.org",true,false,,,0,0
ammantus.com,,com,registered,PS-Alserbach,2026-05-14 14:00:12 UTC,2026-06-26 00:00:00 UTC,true,false,15.50,true,false,"ns1.dnsimple.com,ns2.dnsimple-edge.net,ns3.dnsimple.com,ns4.dnsimple-edge.org","ns1.dnsimple.com,ns2.dnsimple-edge.net,ns3.dnsimple.com,ns4.dnsimple-edge.org",true,false,,,0,0
amantus.org,,org,registered,PS-Alserbach,2026-05-14 14:04:46 UTC,2026-06-26 00:00:00 UTC,true,false,14.30,true,false,"ns1.dnsimple.com,ns2.dnsimple-edge.net,ns3.dnsimple.com,ns4.dnsimple-edge.org","ns1.dnsimple.com,ns2.dnsimple-edge.net,ns3.dnsimple.com,ns4.dnsimple-edge.org",true,false,,,0,0
amantusmachina.io,,io,registered,PS-Alserbach,2026-05-14 14:05:08 UTC,2026-06-18 00:00:00 UTC,true,false,67.90,true,false,"ns1.dnsimple.com,ns2.dnsimple-edge.net,ns3.dnsimple.com,ns4.dnsimple-edge.org","ns1.dnsimple.com,ns2.dnsimple-edge.net,ns3.dnsimple.com,ns4.dnsimple-edge.org",true,false,,,0,0
amantus.gmbh,,gmbh,registered,PS-Alserbach,2026-05-14 14:05:50 UTC,2026-06-26 00:00:00 UTC,true,false,55.50,false,false,"ns1.dnsimple.com,ns2.dnsimple-edge.net,ns3.dnsimple.com,ns4.dnsimple-edge.org","ns1.dnsimple.com,ns2.dnsimple-edge.net,ns3.dnsimple.com,ns4.dnsimple-edge.org",true,false,,,0,0
amntus.com,,com,registered,PS-Alserbach,2026-05-14 14:06:47 UTC,2026-06-26 00:00:00 UTC,true,false,15.50,true,false,"ns1.dnsimple.com,ns2.dnsimple-edge.net,ns3.dnsimple.com,ns4.dnsimple-edge.org","ns1.dnsimple.com,ns2.dnsimple-edge.net,ns3.dnsimple.com,ns4.dnsimple-edge.org",true,false,,,0,0
amnatus.com,,com,registered,PS-Alserbach,2026-05-14 14:06:51 UTC,2026-06-26 00:00:00 UTC,true,false,15.50,true,false,"ns1.dnsimple.com,ns2.dnsimple-edge.net,ns3.dnsimple.com,ns4.dnsimple-edge.org","ns1.dnsimple.com,ns2.dnsimple-edge.net,ns3.dnsimple.com,ns4.dnsimple-edge.org",true,false,,,0,0
amantusmchina.com,,com,registered,PS-Alserbach,2026-05-14 14:07:05 UTC,2026-06-26 00:00:00 UTC,true,false,15.50,true,false,"ns1.dnsimple.com,ns2.dnsimple-edge.net,ns3.dnsimple.com,ns4.dnsimple-edge.org","ns1.dnsimple.com,ns2.dnsimple-edge.net,ns3.dnsimple.com,ns4.dnsimple-edge.org",true,false,,,0,0
amantusmachina.dev,,dev,registered,PS-Alserbach,2026-05-14 14:15:39 UTC,2026-06-26 00:00:00 UTC,true,false,19.90,true,false,"ns1.dnsimple.com,ns2.dnsimple-edge.net,ns3.dnsimple.com,ns4.dnsimple-edge.org","ns1.dnsimple.com,ns2.dnsimple-edge.net,ns3.dnsimple.com,ns4.dnsimple-edge.org",true,false,,,0,0
amantusmachina.app,,app,registered,PS-Alserbach,2026-05-14 14:15:56 UTC,2026-06-26 00:00:00 UTC,true,false,22.50,true,false,"ns1.dnsimple.com,ns2.dnsimple-edge.net,ns3.dnsimple.com,ns4.dnsimple-edge.org","ns1.dnsimple.com,ns2.dnsimple-edge.net,ns3.dnsimple.com,ns4.dnsimple-edge.org",true,false,,,0,0
titantracker.ai,,ai,registered,PS-Alserbach,2027-05-14 16:30:58 UTC,2027-06-26 00:00:00 UTC,true,false,99.20,false,false,"ns1.dnsimple.com,ns2.dnsimple-edge.net,ns3.dnsimple.com,ns4.dnsimple-edge.org","ns1.dnsimple.com,ns2.dnsimple-edge.net,ns3.dnsimple.com,ns4.dnsimple-edge.org",true,false,,,0,0
kumpl.ai,,ai,registered,PS-Alserbach,2027-05-15 05:29:45 UTC,2027-06-27 00:00:00 UTC,true,false,99.20,false,false,"ns1.dnsimple.com,ns2.dnsimple-edge.net,ns3.dnsimple.com,ns4.dnsimple-edge.org","ns1.dnsimple.com,ns2.dnsimple-edge.net,ns3.dnsimple.com,ns4.dnsimple-edge.org",true,false,,,0,0
applescript.ai,,ai,registered,PS-Alserbach,2027-05-19 01:53:37 UTC,2027-07-01 00:00:00 UTC,true,false,99.20,false,false,"ns1.dnsimple.com,ns2.dnsimple-edge.net,ns3.dnsimple.com,ns4.dnsimple-edge.org","ns1.dnsimple.com,ns2.dnsimple-edge.net,ns3.dnsimple.com,ns4.dnsimple-edge.org",true,false,,,0,0
applescript.shop,,shop,registered,PS-Alserbach,2026-05-19 23:59:59 UTC,2026-07-01 00:00:00 UTC,true,false,47.70,true,false,"ns1.dnsimple.com,ns2.dnsimple-edge.net,ns3.dnsimple.com,ns4.dnsimple-edge.org","ns1.dnsimple.com,ns2.dnsimple-edge.net,ns3.dnsimple.com,ns4.dnsimple-edge.org",true,false,,,0,0
jxa.ai,,ai,registered,PS-Alserbach,2027-05-19 02:03:38 UTC,2027-07-01 00:00:00 UTC,true,false,99.20,false,false,"ns1.dnsimple.com,ns2.dnsimple-edge.net,ns3.dnsimple.com,ns4.dnsimple-edge.org","ns1.dnsimple.com,ns2.dnsimple-edge.net,ns3.dnsimple.com,ns4.dnsimple-edge.org",true,false,,,0,0
applescript.sh,,sh,registered,PS-Alserbach,2026-05-19 02:04:16 UTC,2026-06-23 00:00:00 UTC,true,false,70.90,true,false,"ns1.dnsimple.com,ns2.dnsimple-edge.net,ns3.dnsimple.com,ns4.dnsimple-edge.org","ns1.dnsimple.com,ns2.dnsimple-edge.net,ns3.dnsimple.com,ns4.dnsimple-edge.org",true,false,,,0,0
applescript.io,,io,registered,PS-Alserbach,2026-05-19 02:05:02 UTC,2026-06-23 00:00:00 UTC,true,false,67.90,true,false,"ns1.dnsimple.com,ns2.dnsimple-edge.net,ns3.dnsimple.com,ns4.dnsimple-edge.org","ns1.dnsimple.com,ns2.dnsimple-edge.net,ns3.dnsimple.com,ns4.dnsimple-edge.org",true,false,,,0,0
momentumlog.ai,,ai,registered,PS-Alserbach,2027-05-19 10:38:07 UTC,2027-07-01 00:00:00 UTC,true,false,99.20,false,false,"ns1.dnsimple.com,ns2.dnsimple-edge.net,ns3.dnsimple.com,ns4.dnsimple-edge.org","ns1.dnsimple.com,ns2.dnsimple-edge.net,ns3.dnsimple.com,ns4.dnsimple-edge.org",true,false,,,0,0
metricflow.ai,,ai,registered,PS-Alserbach,2027-05-19 10:38:51 UTC,2027-07-01 00:00:00 UTC,true,false,99.20,false,false,"ns1.dnsimple.com,ns2.dnsimple-edge.net,ns3.dnsimple.com,ns4.dnsimple-edge.org","ns1.dnsimple.com,ns2.dnsimple-edge.net,ns3.dnsimple.com,ns4.dnsimple-edge.org",true,false,,,0,0
progressgrid.ai,,ai,registered,PS-Alserbach,2027-05-19 10:43:16 UTC,2027-07-01 00:00:00 UTC,true,false,99.20,false,false,"ns1.dnsimple.com,ns2.dnsimple-edge.net,ns3.dnsimple.com,ns4.dnsimple-edge.org","ns1.dnsimple.com,ns2.dnsimple-edge.net,ns3.dnsimple.com,ns4.dnsimple-edge.org",true,false,,,0,0
progressgrid.io,,io,registered,PS-Alserbach,2026-05-19 11:01:31 UTC,2026-06-23 00:00:00 UTC,true,false,67.90,true,false,"ns1.dnsimple.com,ns2.dnsimple-edge.net,ns3.dnsimple.com,ns4.dnsimple-edge.org","ns1.dnsimple.com,ns2.dnsimple-edge.net,ns3.dnsimple.com,ns4.dnsimple-edge.org",true,false,,,0,0
progressgrid.app,,app,registered,PS-Alserbach,2026-05-19 11:23:52 UTC,2026-07-01 00:00:00 UTC,true,false,22.50,true,false,"ns1.dnsimple.com,ns2.dnsimple-edge.net,ns3.dnsimple.com,ns4.dnsimple-edge.org","ns1.dnsimple.com,ns2.dnsimple-edge.net,ns3.dnsimple.com,ns4.dnsimple-edge.org",true,false,,,0,0
progressgrid.co,,co,registered,PS-Alserbach,2026-05-19 11:26:00 UTC,2026-05-23 00:00:00 UTC,true,false,42.50,true,false,"ns1.dnsimple.com,ns2.dnsimple-edge.net,ns3.dnsimple.com,ns4.dnsimple-edge.org","ns1.dnsimple.com,ns2.dnsimple-edge.net,ns3.dnsimple.com,ns4.dnsimple-edge.org",true,false,,,0,0
anantos.ai,,ai,registered,PS-Alserbach,2027-05-19 18:39:35 UTC,2027-07-01 00:00:00 UTC,true,false,99.20,false,false,"ns1.dnsimple.com,ns2.dnsimple-edge.net,ns3.dnsimple.com,ns4.dnsimple-edge.org","ns1.dnsimple.com,ns2.dnsimple-edge.net,ns3.dnsimple.com,ns4.dnsimple-edge.org",true,false,,,0,0
amantos.ai,,ai,registered,PS-Alserbach,2027-05-19 18:40:34 UTC,2027-07-01 00:00:00 UTC,true,false,99.20,false,false,"ns1.dnsimple.com,ns2.dnsimple-edge.net,ns3.dnsimple.com,ns4.dnsimple-edge.org","ns1.dnsimple.com,ns2.dnsimple-edge.net,ns3.dnsimple.com,ns4.dnsimple-edge.org",true,false,,,0,0
progressgrid.com,,com,registered,PS-Alserbach,2027-06-09 15:07:34 UTC,2027-07-22 00:00:00 UTC,true,false,15.50,true,false,"ns1.dnsimple.com,ns2.dnsimple-edge.net,ns3.dnsimple.com,ns4.dnsimple-edge.org","ns1.dnsimple.com,ns2.dnsimple-edge.net,ns3.dnsimple.com,ns4.dnsimple-edge.org",true,false,,,0,0
codelooper.ai,,ai,registered,PS-Alserbach,2027-05-21 22:53:52 UTC,2027-07-03 00:00:00 UTC,true,false,99.20,false,false,"ns1.dnsimple.com,ns2.dnsimple-edge.net,ns3.dnsimple.com,ns4.dnsimple-edge.org","ns1.dnsimple.com,ns2.dnsimple-edge.net,ns3.dnsimple.com,ns4.dnsimple-edge.org",true,false,,,4,0
codelooper.app,,app,registered,PS-Alserbach,2026-05-21 22:55:07 UTC,2026-07-03 00:00:00 UTC,true,false,22.50,true,false,"ns1.dnsimple.com,ns2.dnsimple-edge.net,ns3.dnsimple.com,ns4.dnsimple-edge.org","ns1.dnsimple.com,ns2.dnsimple-edge.net,ns3.dnsimple.com,ns4.dnsimple-edge.org",true,false,,,0,2
codelooper.io,,io,registered,PS-Alserbach,2026-05-21 22:55:59 UTC,2026-06-25 00:00:00 UTC,true,false,67.90,true,false,"ns1.dnsimple.com,ns2.dnsimple-edge.net,ns3.dnsimple.com,ns4.dnsimple-edge.org","ns1.dnsimple.com,ns2.dnsimple-edge.net,ns3.dnsimple.com,ns4.dnsimple-edge.org",true,false,,,0,0
codelooper.dev,,dev,registered,PS-Alserbach,2026-05-21 22:56:28 UTC,2026-07-03 00:00:00 UTC,true,false,19.90,true,false,"ns1.dnsimple.com,ns2.dnsimple-edge.net,ns3.dnsimple.com,ns4.dnsimple-edge.org","ns1.dnsimple.com,ns2.dnsimple-edge.net,ns3.dnsimple.com,ns4.dnsimple-edge.org",true,false,,,0,0
codelooper.org,,org,registered,PS-Alserbach,2026-05-21 22:59:13 UTC,2026-07-03 00:00:00 UTC,true,false,14.30,true,false,"ns1.dnsimple.com,ns2.dnsimple-edge.net,ns3.dnsimple.com,ns4.dnsimple-edge.org","ns1.dnsimple.com,ns2.dnsimple-edge.net,ns3.dnsimple.com,ns4.dnsimple-edge.org",true,false,,,0,0
getcodelooper.com,,com,registered,PS-Alserbach,2026-05-21 23:00:30 UTC,2026-07-03 00:00:00 UTC,true,false,15.50,true,false,"ns1.dnsimple.com,ns2.dnsimple-edge.net,ns3.dnsimple.com,ns4.dnsimple-edge.org","ns1.dnsimple.com,ns2.dnsimple-edge.net,ns3.dnsimple.com,ns4.dnsimple-edge.org",true,false,,,0,0
codelooper.co,,co,registered,PS-Alserbach,2026-05-21 23:21:17 UTC,2026-05-25 00:00:00 UTC,true,false,42.50,true,false,"ns1.dnsimple.com,ns2.dnsimple-edge.net,ns3.dnsimple.com,ns4.dnsimple-edge.org","ns1.dnsimple.com,ns2.dnsimple-edge.net,ns3.dnsimple.com,ns4.dnsimple-edge.org",true,false,,,0,0
codelooper.xyz,,xyz,registered,PS-Alserbach,2026-05-21 23:59:59 UTC,2026-07-03 00:00:00 UTC,true,false,18.30,true,false,"ns1.dnsimple.com,ns2.dnsimple-edge.net,ns3.dnsimple.com,ns4.dnsimple-edge.org","ns1.dnsimple.com,ns2.dnsimple-edge.net,ns3.dnsimple.com,ns4.dnsimple-edge.org",true,false,,,0,0
codelooper.at,,at,registered,PS-Alserbach,2026-05-21 23:21:55 UTC,2026-05-18 00:00:00 UTC,true,false,20.20,false,false,"ns1.dnsimple.com,ns2.dnsimple-edge.net,ns3.dnsimple.com,ns4.dnsimple-edge.org","ns1.dnsimple.com,ns2.dnsimple-edge.net,ns3.dnsimple.com,ns4.dnsimple-edge.org",true,false,,,0,0
usecodelooper.com,,com,registered,PS-Alserbach,2026-05-21 23:22:12 UTC,2026-07-03 00:00:00 UTC,true,false,15.50,true,false,"ns1.dnsimple.com,ns2.dnsimple-edge.net,ns3.dnsimple.com,ns4.dnsimple-edge.org","ns1.dnsimple.com,ns2.dnsimple-edge.net,ns3.dnsimple.com,ns4.dnsimple-edge.org",true,false,,,0,0
trycodelooper.com,,com,registered,PS-Alserbach,2026-05-21 23:22:23 UTC,2026-07-03 00:00:00 UTC,true,false,15.50,true,false,"ns1.dnsimple.com,ns2.dnsimple-edge.net,ns3.dnsimple.com,ns4.dnsimple-edge.org","ns1.dnsimple.com,ns2.dnsimple-edge.net,ns3.dnsimple.com,ns4.dnsimple-edge.org",true,false,,,0,0
steinberger.ai,,ai,registered,PS-Alserbach,2027-05-29 00:53:42 UTC,2027-07-11 00:00:00 UTC,true,false,99.20,false,false,"ns1.dnsimple.com,ns2.dnsimple-edge.net,ns3.dnsimple.com,ns4.dnsimple-edge.org","ns1.dnsimple.com,ns2.dnsimple-edge.net,ns3.dnsimple.com,ns4.dnsimple-edge.org",true,false,,,0,0
steippete.me,,me,registered,PS-Alserbach,2026-06-01 18:34:27 UTC,2026-07-14 00:00:00 UTC,true,false,29.50,true,false,"ns1.dnsimple.com,ns2.dnsimple-edge.net,ns3.dnsimple.com,ns4.dnsimple-edge.org","ns1.dnsimple.com,ns2.dnsimple-edge.net,ns3.dnsimple.com,ns4.dnsimple-edge.org",true,false,,,0,0
koboo.ai,,ai,registered,PS-Alserbach,2027-06-02 11:24:29 UTC,2027-07-15 00:00:00 UTC,true,false,99.20,false,false,"ns1.dnsimple.com,ns2.dnsimple-edge.net,ns3.dnsimple.com,ns4.dnsimple-edge.org","ns1.dnsimple.com,ns2.dnsimple-edge.net,ns3.dnsimple.com,ns4.dnsimple-edge.org",true,false,,,0,0
koboo.app,,app,registered,PS-Alserbach,2026-06-02 11:25:00 UTC,2026-07-15 00:00:00 UTC,true,false,22.50,true,false,"ns1.dnsimple.com,ns2.dnsimple-edge.net,ns3.dnsimple.com,ns4.dnsimple-edge.org","ns1.dnsimple.com,ns2.dnsimple-edge.net,ns3.dnsimple.com,ns4.dnsimple-edge.org",true,false,,,0,0
kobooai.com,,com,registered,PS-Alserbach,2026-06-02 11:25:41 UTC,2026-07-15 00:00:00 UTC,true,false,15.50,true,false,"ns1.dnsimple.com,ns2.dnsimple-edge.net,ns3.dnsimple.com,ns4.dnsimple-edge.org","ns1.dnsimple.com,ns2.dnsimple-edge.net,ns3.dnsimple.com,ns4.dnsimple-edge.org",true,false,,,0,0
getkoboo.com,,com,registered,PS-Alserbach,2026-06-02 11:26:10 UTC,2026-07-15 00:00:00 UTC,true,false,15.50,true,false,"ns1.dnsimple.com,ns2.dnsimple-edge.net,ns3.dnsimple.com,ns4.dnsimple-edge.org","ns1.dnsimple.com,ns2.dnsimple-edge.net,ns3.dnsimple.com,ns4.dnsimple-edge.org",true,false,,,0,0
xippo.ai,,ai,registered,PS-Alserbach,2027-06-02 11:27:01 UTC,2027-07-15 00:00:00 UTC,true,false,99.20,false,false,"ns1.dnsimple.com,ns2.dnsimple-edge.net,ns3.dnsimple.com,ns4.dnsimple-edge.org","ns1.dnsimple.com,ns2.dnsimple-edge.net,ns3.dnsimple.com,ns4.dnsimple-edge.org",true,false,,,0,0
xippo.app,,app,registered,PS-Alserbach,2026-06-02 11:27:19 UTC,2026-07-15 00:00:00 UTC,true,false,22.50,true,false,"ns1.dnsimple.com,ns2.dnsimple-edge.net,ns3.dnsimple.com,ns4.dnsimple-edge.org","ns1.dnsimple.com,ns2.dnsimple-edge.net,ns3.dnsimple.com,ns4.dnsimple-edge.org",true,false,,,0,0
getxippo.com,,com,registered,PS-Alserbach,2026-06-02 11:27:41 UTC,2026-07-15 00:00:00 UTC,true,false,15.50,true,false,"ns1.dnsimple.com,ns2.dnsimple-edge.net,ns3.dnsimple.com,ns4.dnsimple-edge.org","ns1.dnsimple.com,ns2.dnsimple-edge.net,ns3.dnsimple.com,ns4.dnsimple-edge.org",true,false,,,0,0
xippoai.com,,com,registered,PS-Alserbach,2026-06-02 11:28:06 UTC,2026-07-15 00:00:00 UTC,true,false,15.50,true,false,"ns1.dnsimple.com,ns2.dnsimple-edge.net,ns3.dnsimple.com,ns4.dnsimple-edge.org","ns1.dnsimple.com,ns2.dnsimple-edge.net,ns3.dnsimple.com,ns4.dnsimple-edge.org",true,false,,,0,0
automino.app,,app,registered,PS-Alserbach,2026-06-02 15:16:36 UTC,2026-07-15 00:00:00 UTC,true,false,22.50,true,false,"ns1.dnsimple.com,ns2.dnsimple-edge.net,ns3.dnsimple.com,ns4.dnsimple-edge.org","ns1.dnsimple.com,ns2.dnsimple-edge.net,ns3.dnsimple.com,ns4.dnsimple-edge.org",true,false,,,0,0
automino.ai,,ai,registered,PS-Alserbach,2027-06-02 15:17:06 UTC,2027-07-15 00:00:00 UTC,true,false,99.20,false,false,"ns1.dnsimple.com,ns2.dnsimple-edge.net,ns3.dnsimple.com,ns4.dnsimple-edge.org","ns1.dnsimple.com,ns2.dnsimple-edge.net,ns3.dnsimple.com,ns4.dnsimple-edge.org",true,false,,,0,0
getautomino.com,,com,registered,PS-Alserbach,2026-06-02 15:17:45 UTC,2026-07-15 00:00:00 UTC,true,false,15.50,true,false,"ns1.dnsimple.com,ns2.dnsimple-edge.net,ns3.dnsimple.com,ns4.dnsimple-edge.org","ns1.dnsimple.com,ns2.dnsimple-edge.net,ns3.dnsimple.com,ns4.dnsimple-edge.org",true,false,,,0,0
kobiro.ai,,ai,registered,PS-Alserbach,2027-06-02 15:25:34 UTC,2027-07-15 00:00:00 UTC,true,false,99.20,false,false,"ns1.dnsimple.com,ns2.dnsimple-edge.net,ns3.dnsimple.com,ns4.dnsimple-edge.org","ns1.dnsimple.com,ns2.dnsimple-edge.net,ns3.dnsimple.com,ns4.dnsimple-edge.org",true,false,,,0,0
kobiro.app,,app,registered,PS-Alserbach,2026-06-02 15:26:15 UTC,2026-07-15 00:00:00 UTC,true,false,22.50,true,false,"ns1.dnsimple.com,ns2.dnsimple-edge.net,ns3.dnsimple.com,ns4.dnsimple-edge.org","ns1.dnsimple.com,ns2.dnsimple-edge.net,ns3.dnsimple.com,ns4.dnsimple-edge.org",true,false,,,0,0
getkobiro.com,,com,registered,PS-Alserbach,2026-06-02 15:26:54 UTC,2026-07-15 00:00:00 UTC,true,false,15.50,true,false,"ns1.dnsimple.com,ns2.dnsimple-edge.net,ns3.dnsimple.com,ns4.dnsimple-edge.org","ns1.dnsimple.com,ns2.dnsimple-edge.net,ns3.dnsimple.com,ns4.dnsimple-edge.org",true,false,,,0,0
commandry.ai,,ai,registered,PS-Alserbach,2027-06-02 19:02:14 UTC,2027-07-15 00:00:00 UTC,true,false,99.20,false,false,"ns1.dnsimple.com,ns2.dnsimple-edge.net,ns3.dnsimple.com,ns4.dnsimple-edge.org","ns1.dnsimple.com,ns2.dnsimple-edge.net,ns3.dnsimple.com,ns4.dnsimple-edge.org",true,false,,,0,0
commandry.app,,app,registered,PS-Alserbach,2026-06-02 19:02:42 UTC,2026-07-15 00:00:00 UTC,true,false,22.50,true,false,"ns1.dnsimple.com,ns2.dnsimple-edge.net,ns3.dnsimple.com,ns4.dnsimple-edge.org","ns1.dnsimple.com,ns2.dnsimple-edge.net,ns3.dnsimple.com,ns4.dnsimple-edge.org",true,false,,,0,0
getcommandry.com,,com,registered,PS-Alserbach,2026-06-02 19:03:10 UTC,2026-07-15 00:00:00 UTC,true,false,15.50,true,false,"ns1.dnsimple.com,ns2.dnsimple-edge.net,ns3.dnsimple.com,ns4.dnsimple-edge.org","ns1.dnsimple.com,ns2.dnsimple-edge.net,ns3.dnsimple.com,ns4.dnsimple-edge.org",true,false,,,0,0
commandium.ai,,ai,registered,PS-Alserbach,2027-06-02 19:06:29 UTC,2027-07-15 00:00:00 UTC,true,false,99.20,false,false,"ns1.dnsimple.com,ns2.dnsimple-edge.net,ns3.dnsimple.com,ns4.dnsimple-edge.org","ns1.dnsimple.com,ns2.dnsimple-edge.net,ns3.dnsimple.com,ns4.dnsimple-edge.org",true,false,,,0,0
commandium.app,,app,registered,PS-Alserbach,2026-06-02 19:07:00 UTC,2026-07-15 00:00:00 UTC,true,false,22.50,true,false,"ns1.dnsimple.com,ns2.dnsimple-edge.net,ns3.dnsimple.com,ns4.dnsimple-edge.org","ns1.dnsimple.com,ns2.dnsimple-edge.net,ns3.dnsimple.com,ns4.dnsimple-edge.org",true,false,,,0,0
getcommandium.com,,com,registered,PS-Alserbach,2026-06-02 19:07:19 UTC,2026-07-15 00:00:00 UTC,true,false,15.50,true,false,"ns1.dnsimple.com,ns2.dnsimple-edge.net,ns3.dnsimple.com,ns4.dnsimple-edge.org","ns1.dnsimple.com,ns2.dnsimple-edge.net,ns3.dnsimple.com,ns4.dnsimple-edge.org",true,false,,,0,0
vibemeter.ai,,ai,registered,PS-Alserbach,2027-06-02 19:34:23 UTC,2027-07-15 00:00:00 UTC,true,false,99.20,false,false,"ns1.dnsimple.com,ns2.dnsimple-edge.net,ns3.dnsimple.com,ns4.dnsimple-edge.org","ns1.dnsimple.com,ns2.dnsimple-edge.net,ns3.dnsimple.com,ns4.dnsimple-edge.org",true,false,,,0,1
vibemeterapp.com,,com,registered,PS-Alserbach,2026-06-02 19:34:42 UTC,2026-07-15 00:00:00 UTC,true,false,15.50,true,false,"ns1.dnsimple.com,ns2.dnsimple-edge.net,ns3.dnsimple.com,ns4.dnsimple-edge.org","ns1.dnsimple.com,ns2.dnsimple-edge.net,ns3.dnsimple.com,ns4.dnsimple-edge.org",true,false,,,0,0
orbido.ai,,ai,registered,PS-Alserbach,2027-06-02 19:45:03 UTC,2027-07-15 00:00:00 UTC,true,false,99.20,false,false,"ns1.dnsimple.com,ns2.dnsimple-edge.net,ns3.dnsimple.com,ns4.dnsimple-edge.org","ns1.dnsimple.com,ns2.dnsimple-edge.net,ns3.dnsimple.com,ns4.dnsimple-edge.org",true,false,,,0,0
getorbido.com,,com,registered,PS-Alserbach,2026-06-02 19:45:43 UTC,2026-07-15 00:00:00 UTC,true,false,15.50,true,false,"ns1.dnsimple.com,ns2.dnsimple-edge.net,ns3.dnsimple.com,ns4.dnsimple-edge.org","ns1.dnsimple.com,ns2.dnsimple-edge.net,ns3.dnsimple.com,ns4.dnsimple-edge.org",true,false,,,0,0
sweetistics.ai,,ai,registered,PS-Alserbach,2027-06-03 00:46:03 UTC,2027-07-16 00:00:00 UTC,true,false,99.20,false,false,"ns1.dnsimple.com,ns2.dnsimple-edge.net,ns3.dnsimple.com,ns4.dnsimple-edge.org","ns1.dnsimple.com,ns2.dnsimple-edge.net,ns3.dnsimple.com,ns4.dnsimple-edge.org",true,false,,,0,0
getsweetistics.com,,com,registered,PS-Alserbach,2026-06-03 00:48:33 UTC,2026-07-16 00:00:00 UTC,true,false,15.50,true,false,"ns1.dnsimple.com,ns2.dnsimple-edge.net,ns3.dnsimple.com,ns4.dnsimple-edge.org","ns1.dnsimple.com,ns2.dnsimple-edge.net,ns3.dnsimple.com,ns4.dnsimple-edge.org",true,false,,,0,0
getvibemeter.com,,com,registered,PS-Alserbach,2026-06-04 03:36:22 UTC,2026-07-17 00:00:00 UTC,true,false,15.50,true,false,"ns1.dnsimple.com,ns2.dnsimple-edge.net,ns3.dnsimple.com,ns4.dnsimple-edge.org","ns1.dnsimple.com,ns2.dnsimple-edge.net,ns3.dnsimple.com,ns4.dnsimple-edge.org",true,false,,,0,0
getvibemeterapp.com,,com,registered,PS-Alserbach,2026-06-04 03:36:39 UTC,2026-07-17 00:00:00 UTC,true,false,15.50,true,false,"ns1.dnsimple.com,ns2.dnsimple-edge.net,ns3.dnsimple.com,ns4.dnsimple-edge.org","ns1.dnsimple.com,ns2.dnsimple-edge.net,ns3.dnsimple.com,ns4.dnsimple-edge.org",true,false,,,0,0
vibemeter.dev,,dev,registered,PS-Alserbach,2026-06-04 03:37:46 UTC,2026-07-17 00:00:00 UTC,true,false,19.90,true,false,"ns1.dnsimple.com,ns2.dnsimple-edge.net,ns3.dnsimple.com,ns4.dnsimple-edge.org","ns1.dnsimple.com,ns2.dnsimple-edge.net,ns3.dnsimple.com,ns4.dnsimple-edge.org",true,false,,,0,0
vibemeter.io,,io,registered,PS-Alserbach,2026-06-04 03:41:11 UTC,2026-07-09 00:00:00 UTC,true,false,67.90,true,false,"ns1.dnsimple.com,ns2.dnsimple-edge.net,ns3.dnsimple.com,ns4.dnsimple-edge.org","ns1.dnsimple.com,ns2.dnsimple-edge.net,ns3.dnsimple.com,ns4.dnsimple-edge.org",true,false,,,0,0
vibemeter.net,,net,registered,PS-Alserbach,2026-06-04 03:41:44 UTC,2026-07-17 00:00:00 UTC,true,false,17.00,true,false,"ns1.dnsimple.com,ns2.dnsimple-edge.net,ns3.dnsimple.com,ns4.dnsimple-edge.org","ns1.dnsimple.com,ns2.dnsimple-edge.net,ns3.dnsimple.com,ns4.dnsimple-edge.org",true,false,,,0,0
vibemeter.org,,org,registered,PS-Alserbach,2026-06-04 03:42:25 UTC,2026-07-17 00:00:00 UTC,true,false,14.30,true,false,"ns1.dnsimple.com,ns2.dnsimple-edge.net,ns3.dnsimple.com,ns4.dnsimple-edge.org","ns1.dnsimple.com,ns2.dnsimple-edge.net,ns3.dnsimple.com,ns4.dnsimple-edge.org",true,false,,,0,0
vibemeter.me,,me,registered,PS-Alserbach,2026-06-04 03:43:36 UTC,2026-07-17 00:00:00 UTC,true,false,29.50,true,false,"ns1.dnsimple.com,ns2.dnsimple-edge.net,ns3.dnsimple.com,ns4.dnsimple-edge.org","ns1.dnsimple.com,ns2.dnsimple-edge.net,ns3.dnsimple.com,ns4.dnsimple-edge.org",true,false,,,0,0
vibemeter.xyz,,xyz,registered,PS-Alserbach,2026-06-04 23:59:59 UTC,2026-07-17 00:00:00 UTC,true,false,18.30,true,false,"ns1.dnsimple.com,ns2.dnsimple-edge.net,ns3.dnsimple.com,ns4.dnsimple-edge.org","ns1.dnsimple.com,ns2.dnsimple-edge.net,ns3.dnsimple.com,ns4.dnsimple-edge.org",true,false,,,0,0
vibemeter.com,,com,registered,PS-Alserbach,2027-06-22 18:27:11 UTC,2027-08-04 00:00:00 UTC,true,false,15.50,true,false,"ns1.dnsimple.com,ns2.dnsimple-edge.net,ns3.dnsimple.com,ns4.dnsimple-edge.org","ns1.dnsimple.com,ns2.dnsimple-edge.net,ns3.dnsimple.com,ns4.dnsimple-edge.org",true,false,,,3,1
steipete.xyz,,xyz,registered,PS-Alserbach,2026-06-04 23:59:59 UTC,2026-07-17 00:00:00 UTC,true,false,18.30,true,false,"ns1.dnsimple.com,ns2.dnsimple-edge.net,ns3.dnsimple.com,ns4.dnsimple-edge.org","ns1.dnsimple.com,ns2.dnsimple-edge.net,ns3.dnsimple.com,ns4.dnsimple-edge.org",true,false,,,0,0
codelooper.sh,,sh,registered,PS-Alserbach,2026-06-05 08:01:43 UTC,2026-07-10 00:00:00 UTC,true,false,70.90,true,false,"ns1.dnsimple.com,ns2.dnsimple-edge.net,ns3.dnsimple.com,ns4.dnsimple-edge.org","ns1.dnsimple.com,ns2.dnsimple-edge.net,ns3.dnsimple.com,ns4.dnsimple-edge.org",true,false,,,0,0
amantos.dev,,dev,registered,PS-Alserbach,2026-06-05 11:39:26 UTC,2026-07-18 00:00:00 UTC,true,false,19.90,true,false,"ns1.dnsimple.com,ns2.dnsimple-edge.net,ns3.dnsimple.com,ns4.dnsimple-edge.org","ns1.dnsimple.com,ns2.dnsimple-edge.net,ns3.dnsimple.com,ns4.dnsimple-edge.org",true,false,,,0,0
getamantos.com,,com,registered,PS-Alserbach,2026-06-05 11:40:32 UTC,2026-07-18 00:00:00 UTC,true,false,15.50,true,false,"ns1.dnsimple.com,ns2.dnsimple-edge.net,ns3.dnsimple.com,ns4.dnsimple-edge.org","ns1.dnsimple.com,ns2.dnsimple-edge.net,ns3.dnsimple.com,ns4.dnsimple-edge.org",true,false,,,0,0
getamantus.com,,com,registered,PS-Alserbach,2026-06-05 11:41:19 UTC,2026-07-18 00:00:00 UTC,true,false,15.50,true,false,"ns1.dnsimple.com,ns2.dnsimple-edge.net,ns3.dnsimple.com,ns4.dnsimple-edge.org","ns1.dnsimple.com,ns2.dnsimple-edge.net,ns3.dnsimple.com,ns4.dnsimple-edge.org",true,false,,,0,0
steipete.md,,md,registered,PS-Alserbach,2026-06-05 00:00:00 UTC,2026-06-05 00:00:00 UTC,true,false,73.70,true,false,"ns1.dnsimple.com,ns2.dnsimple-edge.net,ns3.dnsimple.com,ns4.dnsimple-edge.org","ns1.dnsimple.com,ns2.dnsimple-edge.net,ns3.dnsimple.com,ns4.dnsimple-edge.org",true,false,,,0,0
steinberger.cat,,cat,registered,PS-Alserbach,2026-06-06 09:51:40 UTC,2026-07-19 00:00:00 UTC,true,false,40.80,true,false,"ns1.dnsimple.com,ns2.dnsimple-edge.net,ns3.dnsimple.com,ns4.dnsimple-edge.org","ns1.dnsimple.com,ns2.dnsimple-edge.net,ns3.dnsimple.com,ns4.dnsimple-edge.org",true,false,,,0,0
steinberger.dev,,dev,registered,PS-Alserbach,2026-06-06 09:52:11 UTC,2026-07-19 00:00:00 UTC,true,false,19.90,true,false,"ns1.dnsimple.com,ns2.dnsimple-edge.net,ns3.dnsimple.com,ns4.dnsimple-edge.org","ns1.dnsimple.com,ns2.dnsimple-edge.net,ns3.dnsimple.com,ns4.dnsimple-edge.org",true,false,,,0,0
steinberger.blog,,blog,registered,PS-Alserbach,2026-06-06 09:53:53 UTC,2026-07-19 00:00:00 UTC,true,false,32.50,true,false,"ns1.dnsimple.com,ns2.dnsimple-edge.net,ns3.dnsimple.com,ns4.dnsimple-edge.org","ns1.dnsimple.com,ns2.dnsimple-edge.net,ns3.dnsimple.com,ns4.dnsimple-edge.org",true,false,,,0,0
steinberger.app,,app,registered,PS-Alserbach,2026-06-06 09:55:27 UTC,2026-07-19 00:00:00 UTC,true,false,22.50,true,false,"ns1.dnsimple.com,ns2.dnsimple-edge.net,ns3.dnsimple.com,ns4.dnsimple-edge.org","ns1.dnsimple.com,ns2.dnsimple-edge.net,ns3.dnsimple.com,ns4.dnsimple-edge.org",true,false,,,0,0
stepete.me,,me,registered,PS-Alserbach,2026-06-06 10:11:08 UTC,2026-07-19 00:00:00 UTC,true,false,29.50,true,false,"ns1.dnsimple.com,ns2.dnsimple-edge.net,ns3.dnsimple.com,ns4.dnsimple-edge.org","ns1.dnsimple.com,ns2.dnsimple-edge.net,ns3.dnsimple.com,ns4.dnsimple-edge.org",true,false,,,0,1
steipet.me,,me,registered,PS-Alserbach,2026-06-06 10:17:10 UTC,2026-07-19 00:00:00 UTC,true,false,29.50,true,false,"ns1.dnsimple.com,ns2.dnsimple-edge.net,ns3.dnsimple.com,ns4.dnsimple-edge.org","ns1.dnsimple.com,ns2.dnsimple-edge.net,ns3.dnsimple.com,ns4.dnsimple-edge.org",true,false,,,0,1
stepet.me,,me,registered,PS-Alserbach,2026-06-06 10:22:17 UTC,2026-07-19 00:00:00 UTC,true,false,29.50,true,false,"ns1.dnsimple.com,ns2.dnsimple-edge.net,ns3.dnsimple.com,ns4.dnsimple-edge.org","ns1.dnsimple.com,ns2.dnsimple-edge.net,ns3.dnsimple.com,ns4.dnsimple-edge.org",true,false,,,0,1
staipete.me,,me,registered,PS-Alserbach,2026-06-06 10:30:50 UTC,2026-07-19 00:00:00 UTC,true,false,29.50,true,false,"ns1.dnsimple.com,ns2.dnsimple-edge.net,ns3.dnsimple.com,ns4.dnsimple-edge.org","ns1.dnsimple.com,ns2.dnsimple-edge.net,ns3.dnsimple.com,ns4.dnsimple-edge.org",true,false,,,0,1
stiepete.me,,me,registered,PS-Alserbach,2026-06-06 10:42:06 UTC,2026-07-19 00:00:00 UTC,true,false,29.50,true,false,"ns1.dnsimple.com,ns2.dnsimple-edge.net,ns3.dnsimple.com,ns4.dnsimple-edge.org","ns1.dnsimple.com,ns2.dnsimple-edge.net,ns3.dnsimple.com,ns4.dnsimple-edge.org",true,false,,,0,1
steipette.me,,me,registered,PS-Alserbach,2026-06-06 10:46:46 UTC,2026-07-19 00:00:00 UTC,true,false,29.50,true,false,"ns1.dnsimple.com,ns2.dnsimple-edge.net,ns3.dnsimple.com,ns4.dnsimple-edge.org","ns1.dnsimple.com,ns2.dnsimple-edge.net,ns3.dnsimple.com,ns4.dnsimple-edge.org",true,false,,,0,1
steipete.co,,co,registered,PS-Alserbach,2026-06-06 10:51:59 UTC,2026-06-10 00:00:00 UTC,true,false,42.50,true,false,"ns1.dnsimple.com,ns2.dnsimple-edge.net,ns3.dnsimple.com,ns4.dnsimple-edge.org","ns1.dnsimple.com,ns2.dnsimple-edge.net,ns3.dnsimple.com,ns4.dnsimple-edge.org",true,false,,,0,0
steinberger.xyz,,xyz,hosted,PS-Alserbach,,,false,false,,false,false,,"ns1.dnsimple.com,ns2.dnsimple-edge.net,ns3.dnsimple.com,ns4.dnsimple-edge.org",true,false,,,0,0
sweetistics.dev,,dev,registered,PS-Alserbach,2026-06-06 18:35:49 UTC,2026-07-19 00:00:00 UTC,true,false,19.90,true,false,"ns1.dnsimple.com,ns2.dnsimple-edge.net,ns3.dnsimple.com,ns4.dnsimple-edge.org","ns1.dnsimple.com,ns2.dnsimple-edge.net,ns3.dnsimple.com,ns4.dnsimple-edge.org",true,false,,,0,0
sweetistics.me,,me,registered,PS-Alserbach,2026-06-06 18:36:36 UTC,2026-07-19 00:00:00 UTC,true,false,29.50,true,false,"ns1.dnsimple.com,ns2.dnsimple-edge.net,ns3.dnsimple.com,ns4.dnsimple-edge.org","ns1.dnsimple.com,ns2.dnsimple-edge.net,ns3.dnsimple.com,ns4.dnsimple-edge.org",true,false,,,0,0
sweetistics.io,,io,registered,PS-Alserbach,2026-06-06 18:36:51 UTC,2026-07-11 00:00:00 UTC,true,false,67.90,true,false,"ns1.dnsimple.com,ns2.dnsimple-edge.net,ns3.dnsimple.com,ns4.dnsimple-edge.org","ns1.dnsimple.com,ns2.dnsimple-edge.net,ns3.dnsimple.com,ns4.dnsimple-edge.org",true,false,,,0,0
sweetistics.org,,org,registered,PS-Alserbach,2026-06-06 18:38:22 UTC,2026-07-19 00:00:00 UTC,true,false,14.30,true,false,"ns1.dnsimple.com,ns2.dnsimple-edge.net,ns3.dnsimple.com,ns4.dnsimple-edge.org","ns1.dnsimple.com,ns2.dnsimple-edge.net,ns3.dnsimple.com,ns4.dnsimple-edge.org",true,false,,,0,0
sweetistics.net,,net,registered,PS-Alserbach,2026-06-06 18:38:42 UTC,2026-07-19 00:00:00 UTC,true,false,17.00,true,false,"ns1.dnsimple.com,ns2.dnsimple-edge.net,ns3.dnsimple.com,ns4.dnsimple-edge.org","ns1.dnsimple.com,ns2.dnsimple-edge.net,ns3.dnsimple.com,ns4.dnsimple-edge.org",true,false,,,0,0
peekaboo.dev,,dev,registered,PS-Alserbach,2026-06-08 22:31:57 UTC,2026-07-21 00:00:00 UTC,true,true,,true,false,"ns1.dnsimple.com,ns2.dnsimple-edge.net,ns3.dnsimple.com,ns4.dnsimple-edge.org","ns1.dnsimple.com,ns2.dnsimple-edge.net,ns3.dnsimple.com,ns4.dnsimple-edge.org",true,false,,,0,1
demark.md,,md,registered,PS-Alserbach,2026-06-09 00:00:00 UTC,2026-06-09 00:00:00 UTC,true,false,73.70,true,false,"ns1.dnsimple.com,ns2.dnsimple-edge.net,ns3.dnsimple.com,ns4.dnsimple-edge.org","ns1.dnsimple.com,ns2.dnsimple-edge.net,ns3.dnsimple.com,ns4.dnsimple-edge.org",true,false,,,0,0
peekaboo.boo,,boo,hosted,,,,false,false,,false,false,,"ns1.dnsimple.com,ns2.dnsimple-edge.net,ns3.dnsimple.com,ns4.dnsimple-edge.org",true,false,,,0,1
steipete.ai,,ai,registered,PS-Alserbach,2027-06-09 12:43:31 UTC,2027-07-22 00:00:00 UTC,true,false,99.20,false,false,"ns1.dnsimple.com,ns2.dnsimple-edge.net,ns3.dnsimple.com,ns4.dnsimple-edge.org","ns1.dnsimple.com,ns2.dnsimple-edge.net,ns3.dnsimple.com,ns4.dnsimple-edge.org",true,false,,,0,0
terminator.to,,to,hosted,,,,false,false,,false,false,,"ns1.dnsimple.com,ns2.dnsimple-edge.net,ns3.dnsimple.com,ns4.dnsimple-edge.org",true,false,,,0,0
agentmcp.me,,me,registered,PS-Alserbach,2026-06-09 15:14:29 UTC,2026-07-22 00:00:00 UTC,true,false,29.50,true,false,"ns1.dnsimple.com,ns2.dnsimple-edge.net,ns3.dnsimple.com,ns4.dnsimple-edge.org","ns1.dnsimple.com,ns2.dnsimple-edge.net,ns3.dnsimple.com,ns4.dnsimple-edge.org",true,false,,,0,0
agentmcp.dev,,dev,registered,PS-Alserbach,2026-06-09 15:15:22 UTC,2026-07-22 00:00:00 UTC,true,false,19.90,true,false,"ns1.dnsimple.com,ns2.dnsimple-edge.net,ns3.dnsimple.com,ns4.dnsimple-edge.org","ns1.dnsimple.com,ns2.dnsimple-edge.net,ns3.dnsimple.com,ns4.dnsimple-edge.org",true,false,,,0,0
amantos.app,,app,registered,PS-Alserbach,2026-06-09 15:21:06 UTC,2026-07-22 00:00:00 UTC,true,false,22.50,true,false,"ns1.dnsimple.com,ns2.dnsimple-edge.net,ns3.dnsimple.com,ns4.dnsimple-edge.org","ns1.dnsimple.com,ns2.dnsimple-edge.net,ns3.dnsimple.com,ns4.dnsimple-edge.org",true,false,,,0,0
lightcycle.ac,,ac,registered,PS-Alserbach,2026-06-09 15:35:53 UTC,2026-07-14 00:00:00 UTC,true,false,99.80,true,false,"ns1.dnsimple.com,ns2.dnsimple-edge.net,ns3.dnsimple.com,ns4.dnsimple-edge.org","ns1.dnsimple.com,ns2.dnsimple-edge.net,ns3.dnsimple.com,ns4.dnsimple-edge.org",true,false,,,0,0
lightcycle.app,,app,registered,PS-Alserbach,2026-06-09 15:36:12 UTC,2026-07-22 00:00:00 UTC,true,false,22.50,true,false,"ns1.dnsimple.com,ns2.dnsimple-edge.net,ns3.dnsimple.com,ns4.dnsimple-edge.org","ns1.dnsimple.com,ns2.dnsimple-edge.net,ns3.dnsimple.com,ns4.dnsimple-edge.org",true,false,,,0,0
getlightcycle.com,,com,registered,PS-Alserbach,2026-06-09 15:36:38 UTC,2026-07-22 00:00:00 UTC,true,false,15.50,true,false,"ns1.dnsimple.com,ns2.dnsimple-edge.net,ns3.dnsimple.com,ns4.dnsimple-edge.org","ns1.dnsimple.com,ns2.dnsimple-edge.net,ns3.dnsimple.com,ns4.dnsimple-edge.org",true,false,,,0,0
lightcycle.cc,,cc,registered,PS-Alserbach,2026-06-09 15:37:10 UTC,2026-07-22 00:00:00 UTC,true,false,13.80,true,false,"ns1.dnsimple.com,ns2.dnsimple-edge.net,ns3.dnsimple.com,ns4.dnsimple-edge.org","ns1.dnsimple.com,ns2.dnsimple-edge.net,ns3.dnsimple.com,ns4.dnsimple-edge.org",true,false,,,0,0
sweetistics.xyz,,xyz,registered,PS-Alserbach,2026-06-10 23:59:59 UTC,2026-07-23 00:00:00 UTC,true,false,18.30,true,false,"ns1.dnsimple.com,ns2.dnsimple-edge.net,ns3.dnsimple.com,ns4.dnsimple-edge.org","ns1.dnsimple.com,ns2.dnsimple-edge.net,ns3.dnsimple.com,ns4.dnsimple-edge.org",true,false,,,0,0
sweetistics.co,,co,registered,PS-Alserbach,2026-06-10 06:44:41 UTC,2026-06-14 00:00:00 UTC,true,false,42.50,true,false,"ns1.dnsimple.com,ns2.dnsimple-edge.net,ns3.dnsimple.com,ns4.dnsimple-edge.org","ns1.dnsimple.com,ns2.dnsimple-edge.net,ns3.dnsimple.com,ns4.dnsimple-edge.org",true,false,,,0,0
sweetistics.cloud,,cloud,registered,PS-Alserbach,2026-06-10 06:46:26 UTC,2026-07-23 00:00:00 UTC,true,false,33.90,true,false,"ns1.dnsimple.com,ns2.dnsimple-edge.net,ns3.dnsimple.com,ns4.dnsimple-edge.org","ns1.dnsimple.com,ns2.dnsimple-edge.net,ns3.dnsimple.com,ns4.dnsimple-edge.org",true,false,,,0,0
axorcist.com,,com,registered,PS-Alserbach,2026-06-10 16:19:31 UTC,2026-07-23 00:00:00 UTC,true,false,15.50,true,false,"ns1.dnsimple.com,ns2.dnsimple-edge.net,ns3.dnsimple.com,ns4.dnsimple-edge.org","ns1.dnsimple.com,ns2.dnsimple-edge.net,ns3.dnsimple.com,ns4.dnsimple-edge.org",true,false,,,0,0
axorcist.dev,,dev,registered,PS-Alserbach,2026-06-10 16:20:03 UTC,2026-07-23 00:00:00 UTC,true,false,19.90,true,false,"emma.ns.cloudflare.com,scott.ns.cloudflare.com","emma.ns.cloudflare.com,scott.ns.cloudflare.com",true,false,,,0,0
axorcist.me,,me,registered,PS-Alserbach,2026-06-10 16:21:56 UTC,2026-07-23 00:00:00 UTC,true,false,29.50,true,false,"ns1.dnsimple.com,ns2.dnsimple-edge.net,ns3.dnsimple.com,ns4.dnsimple-edge.org","ns1.dnsimple.com,ns2.dnsimple-edge.net,ns3.dnsimple.com,ns4.dnsimple-edge.org",true,false,,,0,0
automator.dev,,dev,registered,PS-Alserbach,2026-06-10 21:05:54 UTC,2026-07-23 00:00:00 UTC,true,false,19.90,true,false,"ns1.dnsimple.com,ns2.dnsimple-edge.net,ns3.dnsimple.com,ns4.dnsimple-edge.org","ns1.dnsimple.com,ns2.dnsimple-edge.net,ns3.dnsimple.com,ns4.dnsimple-edge.org",true,false,,,0,0
tryautomator.com,,com,registered,PS-Alserbach,2026-06-10 21:19:25 UTC,2026-07-23 00:00:00 UTC,true,false,15.50,true,false,"ns1.dnsimple.com,ns2.dnsimple-edge.net,ns3.dnsimple.com,ns4.dnsimple-edge.org","ns1.dnsimple.com,ns2.dnsimple-edge.net,ns3.dnsimple.com,ns4.dnsimple-edge.org",true,false,,,0,0
vibetunnel.ai,,ai,registered,PS-Alserbach,2027-06-15 17:55:16 UTC,2027-07-28 00:00:00 UTC,true,false,99.20,false,false,"ns1.dnsimple.com,ns2.dnsimple-edge.net,ns3.dnsimple.com,ns4.dnsimple-edge.org","ns1.dnsimple.com,ns2.dnsimple-edge.net,ns3.dnsimple.com,ns4.dnsimple-edge.org",true,false,,,0,0
vibetunnel.sh,,sh,registered,PS-Alserbach,2026-06-15 18:46:41 UTC,2026-07-20 00:00:00 UTC,true,false,70.90,true,false,"ns1.dnsimple.com,ns2.dnsimple-edge.net,ns3.dnsimple.com,ns4.dnsimple-edge.org","ns1.dnsimple.com,ns2.dnsimple-edge.net,ns3.dnsimple.com,ns4.dnsimple-edge.org",true,false,,,0,1
vibetunnel.io,,io,registered,PS-Alserbach,2026-06-15 19:07:02 UTC,2026-07-20 00:00:00 UTC,true,false,67.90,true,false,"ns1.dnsimple.com,ns2.dnsimple-edge.net,ns3.dnsimple.com,ns4.dnsimple-edge.org","ns1.dnsimple.com,ns2.dnsimple-edge.net,ns3.dnsimple.com,ns4.dnsimple-edge.org",true,false,,,0,0
vibetunnel.app,,app,registered,PS-Alserbach,2026-06-15 19:14:00 UTC,2026-07-28 00:00:00 UTC,true,false,22.50,true,false,"ns1.dnsimple.com,ns2.dnsimple-edge.net,ns3.dnsimple.com,ns4.dnsimple-edge.org","ns1.dnsimple.com,ns2.dnsimple-edge.net,ns3.dnsimple.com,ns4.dnsimple-edge.org",true,false,,,0,0
vibetunnel.dev,,dev,registered,PS-Alserbach,2026-06-15 19:15:06 UTC,2026-07-28 00:00:00 UTC,true,false,19.90,true,false,"ns1.dnsimple.com,ns2.dnsimple-edge.net,ns3.dnsimple.com,ns4.dnsimple-edge.org","ns1.dnsimple.com,ns2.dnsimple-edge.net,ns3.dnsimple.com,ns4.dnsimple-edge.org",true,false,,,0,0
clode.sh,,sh,registered,PS-Alserbach,2026-06-15 19:17:19 UTC,2026-07-20 00:00:00 UTC,true,false,70.90,true,false,"ns1.dnsimple.com,ns2.dnsimple-edge.net,ns3.dnsimple.com,ns4.dnsimple-edge.org","ns1.dnsimple.com,ns2.dnsimple-edge.net,ns3.dnsimple.com,ns4.dnsimple-edge.org",true,false,,,0,0
vibetunnel.me,,me,registered,PS-Alserbach,2026-06-15 19:21:38 UTC,2026-07-28 00:00:00 UTC,true,false,29.50,true,false,"ns1.dnsimple.com,ns2.dnsimple-edge.net,ns3.dnsimple.com,ns4.dnsimple-edge.org","ns1.dnsimple.com,ns2.dnsimple-edge.net,ns3.dnsimple.com,ns4.dnsimple-edge.org",true,false,,,0,0
getvibetunnel.com,,com,registered,PS-Alserbach,2026-06-15 19:21:57 UTC,2026-07-28 00:00:00 UTC,true,false,15.50,true,false,"ns1.dnsimple.com,ns2.dnsimple-edge.net,ns3.dnsimple.com,ns4.dnsimple-edge.org","ns1.dnsimple.com,ns2.dnsimple-edge.net,ns3.dnsimple.com,ns4.dnsimple-edge.org",true,false,,,0,0
vibetunnel.run,,run,registered,PS-Alserbach,2026-06-15 19:26:46 UTC,2026-07-28 00:00:00 UTC,true,false,34.70,true,false,"ns1.dnsimple.com,ns2.dnsimple-edge.net,ns3.dnsimple.com,ns4.dnsimple-edge.org","ns1.dnsimple.com,ns2.dnsimple-edge.net,ns3.dnsimple.com,ns4.dnsimple-edge.org",true,false,,,0,0
vibetunnel.org,,org,registered,PS-Alserbach,2026-06-15 19:34:48 UTC,2026-07-28 00:00:00 UTC,true,false,14.30,true,false,"ns1.dnsimple.com,ns2.dnsimple-edge.net,ns3.dnsimple.com,ns4.dnsimple-edge.org","ns1.dnsimple.com,ns2.dnsimple-edge.net,ns3.dnsimple.com,ns4.dnsimple-edge.org",true,false,,,0,0
clode.ai,,ai,registered,PS-Alserbach,2028-11-14 22:09:00 UTC,2028-12-27 00:00:00 UTC,true,false,99.20,false,false,"ns1.dnsimple.com,ns2.dnsimple-edge.net,ns3.dnsimple.com,ns4.dnsimple-edge.org","ns1.dnsimple.com,ns2.dnsimple-edge.net,ns3.dnsimple.com,ns4.dnsimple-edge.org",true,false,,,0,0
vt.sh,,sh,registered,PS-Alserbach,2028-04-30 12:00:00 UTC,2028-06-04 12:00:00 UTC,true,false,70.90,true,false,"ns1.dnsimple.com,ns2.dnsimple-edge.net,ns3.dnsimple.com,ns4.dnsimple-edge.org","ns1.dnsimple.com,ns2.dnsimple-edge.net,ns3.dnsimple.com,ns4.dnsimple-edge.org",true,false,,,0,0
markdansi.md,,md,registered,PS-Alserbach,2026-11-25 00:00:00 UTC,2026-11-25 00:00:00 UTC,true,false,73.70,true,false,"emma.ns.cloudflare.com,scott.ns.cloudflare.com","emma.ns.cloudflare.com,scott.ns.cloudflare.com",true,false,,,0,0
