domain,created,expires,auto_renew,locked,whois_guard,is_expired
postergeist.ai,2025-07-29 00:00:00,2027-07-29 00:00:00,False,False,True,False
postergeist.app,2025-07-29 00:00:00,2026-07-29 00:00:00,False,False,True,False
postergeist.bot,2025-07-29 00:00:00,2026-07-29 00:00:00,False,False,True,False
postergeist.dev,2025-07-29 00:00:00,2026-07-29 00:00:00,False,False,True,False
postergeist.me,2025-07-29 00:00:00,2026-07-29 00:00:00,False,False,True,False
postergeist.xyz,2025-07-29 00:00:00,2026-07-29 00:00:00,False,False,True,False
sparklytics.dev,2025-06-17 00:00:00,2026-06-17 00:00:00,False,False,True,False
sparklytics.store,2025-06-17 00:00:00,2026-06-17 00:00:00,False,False,True,False
stats.store,2025-06-17 00:00:00,2026-06-17 00:00:00,False,False,True,False
statsstore.ai,2025-06-18 00:00:00,2027-06-18 00:00:00,False,False,True,False
statsstore.cc,2025-06-18 00:00:00,2026-06-18 00:00:00,False,False,True,False
statsstore.dev,2025-06-17 00:00:00,2026-06-17 00:00:00,False,False,True,False
statsstore.io,2025-06-17 00:00:00,2026-06-17 00:00:00,False,False,True,False
statsstore.is,2025-06-18 00:00:00,2026-06-18 00:00:00,False,False,False,False
statsstore.net,2025-06-18 00:00:00,2026-06-18 00:00:00,False,False,True,False
statsstore.org,2025-06-18 00:00:00,2026-06-18 00:00:00,False,False,True,False
statsstore.so,2025-06-18 00:00:00,2026-06-18 00:00:00,False,False,True,False
statsstore.to,2025-06-18 00:00:00,2026-06-18 00:00:00,False,False,False,False
statsstore.xyz,2025-06-18 00:00:00,2026-06-18 00:00:00,False,False,True,False
steinberger.xyz,2026-02-14 00:00:00,2027-02-14 00:00:00,False,False,True,False
sweetlink.ai,2025-11-06 00:00:00,2027-11-06 00:00:00,False,False,True,False
sweetlink.io,2025-11-06 00:00:00,2026-11-06 00:00:00,False,False,True,False
sweetlink.is,2025-11-05 00:00:00,2026-11-06 00:00:00,False,False,False,False
sweetlink.so,2025-11-06 00:00:00,2026-11-06 00:00:00,False,False,True,False
sweetlink.to,2025-11-06 00:00:00,2026-11-06 00:00:00,False,False,True,False
tachi.build,2025-08-04 00:00:00,2026-08-04 00:00:00,False,False,True,False
tachikoma.boo,2025-08-02 00:00:00,2026-08-02 00:00:00,False,False,True,False
tachikoma.bot,2025-08-02 00:00:00,2026-08-02 00:00:00,False,False,True,False
tachikoma.build,2025-08-02 00:00:00,2026-08-02 00:00:00,False,False,True,False
terminator.so,2025-06-09 00:00:00,2026-06-09 00:00:00,False,False,True,False
terminator.to,2025-06-09 00:00:00,2026-06-09 00:00:00,False,False,False,False
vibecoin.ai,2025-06-24 00:00:00,2027-06-24 00:00:00,False,False,True,False
vibecoin.cash,2025-06-24 00:00:00,2026-06-24 00:00:00,False,False,True,False
vibetower.ai,2025-07-09 00:00:00,2027-07-09 00:00:00,False,False,True,False
vibetower.app,2025-07-09 00:00:00,2026-07-09 00:00:00,False,False,True,False
vibetower.bot,2025-07-09 00:00:00,2026-07-09 00:00:00,False,False,True,False
vibetower.co,2025-07-09 00:00:00,2026-07-09 00:00:00,False,False,True,False
vibetower.is,2025-07-09 00:00:00,2026-07-09 00:00:00,False,False,False,False
vibetower.me,2025-07-09 00:00:00,2026-07-09 00:00:00,False,False,True,False
vibetower.net,2025-07-09 00:00:00,2026-07-09 00:00:00,False,False,True,False
vibetower.org,2025-07-09 00:00:00,2026-07-09 00:00:00,False,False,True,False
vibetower.so,2025-07-09 00:00:00,2026-07-09 00:00:00,False,False,True,False
vibetower.to,2025-07-09 00:00:00,2026-07-09 00:00:00,False,False,False,False
vibetower.xyz,2025-07-09 00:00:00,2026-07-09 00:00:00,False,False,True,False
vibetunnel.co,2025-06-25 00:00:00,2026-06-25 00:00:00,False,False,True,False
vibetunnel.pro,2025-06-25 00:00:00,2026-06-25 00:00:00,False,False,True,False
vibetunnel.xyz,2025-06-25 00:00:00,2026-06-25 00:00:00,False,False,True,False
voidtunnel.ai,2025-06-25 00:00:00,2027-06-25 00:00:00,False,False,True,False
voidtunnel.app,2025-06-25 00:00:00,2026-06-25 00:00:00,False,False,True,False
voidtunnel.co,2025-06-25 00:00:00,2026-06-25 00:00:00,False,False,True,False
agentmcp.bot,2025-06-09 00:00:00,2026-06-09 00:00:00,False,False,True,False
agentmcp.one,2025-06-09 00:00:00,2026-06-09 00:00:00,False,False,True,False
automator.ac,2025-06-10 00:00:00,2026-06-10 00:00:00,False,False,True,False
automator.is,2025-06-10 00:00:00,2026-06-10 00:00:00,False,False,False,False
automator.so,2025-06-10 00:00:00,2026-06-10 00:00:00,False,False,True,False
automator.to,2025-06-10 00:00:00,2026-06-10 00:00:00,False,False,False,False
conduit.cx,2025-06-09 00:00:00,2026-06-09 00:00:00,False,False,True,False
conduit.fm,2025-06-09 00:00:00,2026-06-09 00:00:00,False,False,True,False
conduit.zip,2025-06-09 00:00:00,2026-06-09 00:00:00,False,False,True,False
ghosts.dev,2025-08-03 00:00:00,2026-08-03 00:00:00,False,False,True,False
hunk.bot,2025-07-04 00:00:00,2026-07-04 00:00:00,False,False,True,False
hunk.is,2025-07-03 00:00:00,2026-07-04 00:00:00,False,False,False,False
hunk.to,2025-07-04 00:00:00,2026-07-04 00:00:00,False,False,False,False
hunktunnel.ai,2025-07-04 00:00:00,2027-07-04 00:00:00,False,False,True,False
hunktunnel.app,2025-07-04 00:00:00,2026-07-04 00:00:00,False,False,True,False
hunktunnel.bot,2025-07-04 00:00:00,2026-07-04 00:00:00,False,False,True,False
hunktunnel.com,2025-07-04 00:00:00,2026-07-04 00:00:00,False,False,True,False
lightcycle.bot,2025-06-09 00:00:00,2026-06-09 00:00:00,False,False,True,False
llm.codes,2025-06-12 00:00:00,2026-06-12 00:00:00,False,False,True,False
llms.bot,2025-06-14 00:00:00,2026-06-14 00:00:00,False,False,True,False
llms.codes,2025-06-14 00:00:00,2026-06-14 00:00:00,False,False,True,False
llms.to,2025-06-14 00:00:00,2026-06-14 00:00:00,False,False,False,False
morpheus.bot,2025-06-09 00:00:00,2026-06-09 00:00:00,False,False,True,False
morpheus.so,2025-06-09 00:00:00,2026-06-09 00:00:00,False,False,True,False
peeka.cc,2025-07-09 00:00:00,2026-07-09 00:00:00,False,False,True,False
peeka.dev,2025-07-09 00:00:00,2026-07-09 00:00:00,False,False,True,False
peeka.io,2025-07-09 00:00:00,2026-07-09 00:00:00,False,False,True,False
peeka.is,2025-07-09 00:00:00,2026-07-09 00:00:00,False,False,False,False
peeka.org,2025-07-09 00:00:00,2026-07-09 00:00:00,False,False,True,False
peeka.so,2025-07-09 00:00:00,2026-07-09 00:00:00,False,False,True,False
peeka.tech,2025-07-09 00:00:00,2026-07-09 00:00:00,False,False,True,False
peeka.to,2025-07-09 00:00:00,2026-07-09 00:00:00,False,False,False,False
peekaboo.ac,2025-07-07 00:00:00,2026-07-07 00:00:00,False,False,True,False
peekaboo.boo,2025-06-09 00:00:00,2026-06-09 00:00:00,False,False,True,False
peekaboo.bz,2025-07-07 00:00:00,2026-07-07 00:00:00,False,False,True,False
peekaboo.cv,2025-07-07 00:00:00,2026-07-07 00:00:00,False,False,False,False
peekaboo.cx,2025-07-07 00:00:00,2026-07-07 00:00:00,False,False,True,False
peekaboo.foo,2025-07-07 00:00:00,2026-07-07 00:00:00,False,False,True,False
peekaboo.is,2025-07-07 00:00:00,2026-07-07 00:00:00,False,False,False,False
peekaboo.run,2025-07-07 00:00:00,2026-07-07 00:00:00,False,False,True,False
peekaboo.so,2025-07-07 00:00:00,2026-07-07 00:00:00,False,False,True,False
peekaboo.to,2025-07-07 00:00:00,2026-07-07 00:00:00,False,False,False,False
peekaboo.vc,2025-07-07 00:00:00,2026-07-07 00:00:00,False,False,True,False
peekaboo.works,2025-07-07 00:00:00,2026-07-07 00:00:00,False,False,True,False
peekaboo.ws,2025-07-07 00:00:00,2026-07-07 00:00:00,False,False,True,False
polter.ai,2025-08-04 00:00:00,2027-08-04 00:00:00,False,False,True,False
polter.boo,2025-08-04 00:00:00,2026-08-04 00:00:00,False,False,True,False
polter.bot,2025-08-04 00:00:00,2026-08-04 00:00:00,False,False,True,False
polter.is,2025-08-04 00:00:00,2026-08-04 00:00:00,False,False,False,False
polter.me,2025-08-04 00:00:00,2026-08-04 00:00:00,False,False,True,False
onlinetrail.ai,2025-09-05 00:00:00,2027-09-05 00:00:00,True,False,True,False
peekaboo.bot,2025-06-09 00:00:00,2026-06-09 00:00:00,True,False,True,False
polter.build,2025-08-04 00:00:00,2026-08-04 00:00:00,True,False,True,False
polter.run,2025-08-04 00:00:00,2026-08-04 00:00:00,True,False,True,False
polter.to,2025-08-04 00:00:00,2026-08-04 00:00:00,True,False,True,False
polterg.host,2025-08-03 00:00:00,2026-08-03 00:00:00,True,False,True,False
poltergeist.bot,2025-08-03 00:00:00,2026-08-03 00:00:00,True,False,True,False
poltergeist.build,2025-08-03 00:00:00,2026-08-03 00:00:00,True,False,True,False
poltergeist.haus,2025-08-03 00:00:00,2026-08-03 00:00:00,True,False,True,False
poltergeist.is,2025-08-03 00:00:00,2026-08-03 00:00:00,True,False,False,False
poltergeist.pro,2025-08-03 00:00:00,2026-08-03 00:00:00,True,False,True,False
poltergeist.run,2025-08-03 00:00:00,2026-08-03 00:00:00,True,False,True,False
poltergeist.so,2025-08-03 00:00:00,2026-08-03 00:00:00,True,False,True,False
poltergeist.to,2025-08-03 00:00:00,2026-08-03 00:00:00,True,False,True,False
poltergeist.tools,2025-08-03 00:00:00,2026-08-03 00:00:00,True,False,True,False
profilecompare.ai,2025-09-05 00:00:00,2027-09-05 00:00:00,True,False,True,False
profilecompare.app,2025-09-05 00:00:00,2026-09-05 00:00:00,True,False,True,False
profilecompare.com,2025-09-05 00:00:00,2026-09-05 00:00:00,True,False,True,False
publicpersona.ai,2025-09-05 00:00:00,2027-09-05 00:00:00,True,False,True,False
socialtrail.ai,2025-09-05 00:00:00,2027-09-05 00:00:00,True,False,True,False
socialtrust.ai,2025-09-05 00:00:00,2027-09-05 00:00:00,True,False,True,False
sparkly.software,2025-06-18 00:00:00,2026-06-18 00:00:00,True,False,True,False
sparkly.tech,2025-06-18 00:00:00,2026-06-18 00:00:00,True,False,True,False
squadfit.ai,2025-09-05 00:00:00,2027-09-05 00:00:00,True,False,True,False
steinberger.to,2025-06-06 00:00:00,2026-06-06 00:00:00,True,False,False,False
steipete.ac,2025-06-18 00:00:00,2026-06-18 00:00:00,True,False,True,False
steipete.app,2025-07-09 00:00:00,2026-07-09 00:00:00,True,False,True,False
steipete.art,2025-07-09 00:00:00,2026-07-09 00:00:00,True,False,True,False
steipete.biz,2025-06-18 00:00:00,2026-06-18 00:00:00,True,False,True,False
steipete.blog,2025-06-18 00:00:00,2026-06-18 00:00:00,True,False,True,False
steipete.cc,2025-06-18 00:00:00,2026-06-18 00:00:00,True,False,True,False
steipete.club,2025-06-18 00:00:00,2026-06-18 00:00:00,True,False,True,False
steipete.cx,2025-06-18 00:00:00,2026-06-18 00:00:00,True,False,True,False
steipete.fit,2025-07-09 00:00:00,2026-07-09 00:00:00,True,False,True,False
steipete.ink,2025-06-18 00:00:00,2026-06-18 00:00:00,True,False,True,False
steipete.is,2025-06-18 00:00:00,2026-06-18 00:00:00,True,False,False,False
steipete.live,2025-06-18 00:00:00,2026-06-18 00:00:00,True,False,True,False
steipete.ninja,2025-06-18 00:00:00,2026-06-18 00:00:00,True,False,True,False
steipete.one,2025-07-09 00:00:00,2026-07-09 00:00:00,True,False,True,False
steipete.site,2025-07-09 00:00:00,2026-07-09 00:00:00,True,False,True,False
steipete.so,2025-06-18 00:00:00,2026-06-18 00:00:00,True,False,True,False
steipete.space,2025-06-18 00:00:00,2026-06-18 00:00:00,True,False,True,False
steipete.store,2025-07-09 00:00:00,2026-07-09 00:00:00,True,False,True,False
steipete.tech,2025-06-18 00:00:00,2026-06-18 00:00:00,True,False,True,False
steipete.to,2025-06-18 00:00:00,2026-06-18 00:00:00,True,False,False,False
steipete.us,2025-06-18 00:00:00,2026-06-18 00:00:00,True,False,False,False
steipete.vip,2025-06-18 00:00:00,2026-06-18 00:00:00,True,False,True,False
sweet.cv,2025-06-10 00:00:00,2026-06-10 00:00:00,True,False,False,False
sweetistics.ac,2025-06-10 00:00:00,2026-06-10 00:00:00,True,False,True,False
sweetistics.cc,2025-06-10 00:00:00,2026-06-10 00:00:00,True,False,True,False
voidtunnel.io,2025-06-25 00:00:00,2026-06-25 00:00:00,False,False,True,False
voidtunnel.me,2025-06-25 00:00:00,2026-06-25 00:00:00,False,False,True,False
voidtunnel.to,2025-06-25 00:00:00,2026-06-25 00:00:00,False,False,False,False
voidtunnel.xyz,2025-06-25 00:00:00,2026-06-25 00:00:00,False,False,True,False
vt.dev,2025-07-11 00:00:00,2026-07-11 00:00:00,False,False,True,False
vt.new,2025-07-11 00:00:00,2026-07-11 00:00:00,False,False,True,False
xcsentinel.ai,2025-06-26 00:00:00,2027-06-26 00:00:00,False,False,True,False
xcsentinel.app,2025-06-26 00:00:00,2026-06-26 00:00:00,False,False,True,False
xcsentinel.co,2025-06-26 00:00:00,2026-06-26 00:00:00,False,False,True,False
xcsentinel.com,2025-06-26 00:00:00,2026-06-26 00:00:00,False,False,True,False
xcsentinel.io,2025-06-26 00:00:00,2026-06-26 00:00:00,False,False,True,False
xcsentinel.me,2025-06-26 00:00:00,2026-06-26 00:00:00,False,False,True,False
xcsentinel.net,2025-06-26 00:00:00,2026-06-26 00:00:00,False,False,True,False
xcsentinel.org,2025-06-26 00:00:00,2026-06-26 00:00:00,False,False,True,False
xcsentinel.to,2025-06-26 00:00:00,2026-06-26 00:00:00,False,False,False,False
xcsentinel.xyz,2025-06-26 00:00:00,2026-06-26 00:00:00,False,False,True,False
yolo.builders,2025-06-16 00:00:00,2026-06-16 00:00:00,False,False,True,False
yolo.bz,2025-06-16 00:00:00,2026-06-16 00:00:00,False,False,True,False
yolo.codes,2025-06-16 00:00:00,2026-06-16 00:00:00,False,False,True,False
yolo.fm,2025-06-16 00:00:00,2026-06-16 00:00:00,False,False,True,False
yolo.gmbh,2025-06-16 00:00:00,2026-06-16 00:00:00,False,False,True,False
yolocorp.ai,2025-06-16 00:00:00,2027-06-16 00:00:00,False,False,True,False
yolocorp.io,2025-06-16 00:00:00,2026-06-16 00:00:00,False,False,True,False
yolocorp.net,2025-06-16 00:00:00,2026-06-16 00:00:00,False,False,True,False
yolocorp.org,2025-06-16 00:00:00,2026-06-16 00:00:00,False,False,True,False
yolocorp.to,2025-06-16 00:00:00,2026-06-16 00:00:00,False,False,False,False
amantos.bot,2025-06-09 00:00:00,2026-06-09 00:00:00,True,False,True,False
amantus.bot,2025-05-14 00:00:00,2026-05-14 00:00:00,True,False,True,False
boo.tools,2025-08-03 00:00:00,2026-08-03 00:00:00,True,False,True,False
ccanon.club,2025-07-25 00:00:00,2026-07-25 00:00:00,True,False,True,False
claudeanon.club,2025-07-25 00:00:00,2026-07-25 00:00:00,True,False,True,False
claudeanon.com,2025-07-25 00:00:00,2026-07-25 00:00:00,True,False,True,False
clode.cc,2025-06-13 00:00:00,2026-06-13 00:00:00,True,False,True,False
clode.fun,2025-06-13 00:00:00,2026-06-13 00:00:00,True,False,True,False
clode.is,2025-06-13 00:00:00,2026-06-13 00:00:00,True,False,False,False
clode.love,2025-06-14 00:00:00,2026-06-14 00:00:00,True,False,True,False
clode.so,2025-06-13 00:00:00,2026-06-13 00:00:00,True,False,True,False
clode.to,2025-06-13 00:00:00,2026-06-13 00:00:00,True,False,False,False
contuid.bot,2025-06-09 00:00:00,2026-06-09 00:00:00,True,False,True,False
founderanalysis.ai,2025-09-05 00:00:00,2027-09-05 00:00:00,True,False,True,False
geister.haus,2025-08-03 00:00:00,2026-08-03 00:00:00,True,False,True,False
matcha.build,2025-07-29 00:00:00,2026-07-29 00:00:00,True,False,True,False
matcha.codes,2025-07-29 00:00:00,2026-07-29 00:00:00,True,False,True,False
matcha.cx,2025-07-29 00:00:00,2026-07-29 00:00:00,True,False,True,False
matcha.new,2025-07-29 00:00:00,2026-07-29 00:00:00,True,False,True,False
matcha.space,2025-07-29 00:00:00,2026-07-29 00:00:00,True,False,True,False
mcporter.ai,2025-11-06 00:00:00,2027-11-06 00:00:00,True,False,True,False
mcporter.app,2025-11-06 00:00:00,2026-11-06 00:00:00,True,False,True,False
mcporter.bot,2025-11-06 00:00:00,2026-11-06 00:00:00,True,False,True,False
mcporter.io,2025-11-06 00:00:00,2026-11-06 00:00:00,True,False,True,False
sweetistics.cv,2025-06-10 00:00:00,2026-06-10 00:00:00,True,False,False,False
sweetistics.cx,2025-06-10 00:00:00,2026-06-10 00:00:00,True,False,True,False
sweetistics.sh,2025-06-10 00:00:00,2026-06-10 00:00:00,True,False,True,False
sweetistics.to,2025-06-10 00:00:00,2026-06-10 00:00:00,True,False,False,False
teamalign.ai,2025-09-05 00:00:00,2027-09-05 00:00:00,True,False,True,False
vibetunnel.bot,2025-07-09 00:00:00,2026-07-09 00:00:00,True,False,True,False
vibetunnel.is,2025-07-09 00:00:00,2026-07-09 00:00:00,True,False,False,False
vibetunnel.net,2025-07-09 00:00:00,2026-07-09 00:00:00,True,False,True,False
vibetunnel.new,2025-07-09 00:00:00,2026-07-09 00:00:00,True,False,True,False
vibetunnel.shop,2025-07-09 00:00:00,2026-07-09 00:00:00,True,False,True,False
vibetunnel.so,2025-07-09 00:00:00,2026-07-09 00:00:00,True,False,True,False
vibetunnel.to,2025-06-15 00:00:00,2026-06-15 00:00:00,True,False,False,False
wingman.adult,2025-11-10 00:00:00,2026-11-10 00:00:00,True,False,True,False
wingman.fit,2025-11-10 00:00:00,2026-11-10 00:00:00,True,False,True,False
wingman.fm,2025-11-10 00:00:00,2026-11-10 00:00:00,True,False,True,False
wingman.hot,2025-11-10 00:00:00,2026-11-10 00:00:00,True,False,True,False
